dotId,x,y,r
0,8.578932,-0.32429266,0.74856293
1,15.548419,3.574981,0.7484321
2,22.517681,7.474303,0.7482626
3,29.486687,11.373623,0.74803764
4,36.4554,15.272944,0.7477761
5,43.4242,19.17244,0.7474634
6,50.392292,23.071787,0.7470731
7,57.36022,26.971167,0.7466717
8,64.32805,30.870684,0.7462091
9,71.29537,34.77007,0.7456825
10,78.26269,38.669598,0.7451298
11,85.22961,42.56911,0.74450904
12,92.1964,46.468693,0.7438429
13,99.16303,50.368355,0.74315536
14,106.13031,54.26851,0.7424088
15,113.09802,58.169044,0.7416188
16,120.065956,62.06989,0.740798
17,127.03571,65.97183,0.7399395
18,134.00642,69.874466,0.7390339
19,140.97874,73.778114,0.7380984
20,147.95355,77.683266,0.73713624
21,154.93065,81.58983,0.736123
22,161.9111,85.49835,0.73509663
23,168.89505,89.40894,0.73404646
24,175.88414,93.32246,0.7329685
25,182.87845,97.239,0.7318824
26,189.87993,101.15955,0.7308045
27,196.89145,105.08573,0.7297478
28,8.46937,-8.303894,0.74864614
29,15.439118,-4.404457,0.74847245
30,22.408596,-0.5049435,0.74825364
31,29.377865,3.3945467,0.74799263
32,36.34676,7.294058,0.74766564
33,43.315727,11.193649,0.7473042
34,50.284214,15.093276,0.74688876
35,57.25229,18.992811,0.7464251
36,64.220245,22.892452,0.7459195
37,71.187996,26.792109,0.7453493
38,78.15528,30.691696,0.74474055
39,85.12255,34.591434,0.74407774
40,92.08952,38.49117,0.7433762
41,99.05614,42.39089,0.74261487
42,106.02334,46.290985,0.74182063
43,112.99094,50.19144,0.74098784
44,119.95884,54.092175,0.7400879
45,126.92786,57.993587,0.73918974
46,133.89836,61.895878,0.73821616
47,140.87,65.798874,0.73721427
48,147.84381,69.70313,0.7361881
49,154.82014,73.608765,0.73510987
50,161.7992,77.51597,0.7340243
51,168.78171,81.425064,0.7328814
52,175.76878,85.33661,0.7317435
53,182.76086,89.25092,0.7305603
54,189.75928,93.16861,0.72938585
55,196.76634,97.090866,0.72824824
56,8.3597975,-16.283785,0.74881625
57,15.329755,-12.384213,0.7486028
58,22.299511,-8.484568,0.7483369
59,29.268978,-4.584902,0.7480349
60,36.23813,-0.68516576,0.74765855
61,43.207253,3.214562,0.7472444
62,50.176098,7.114327,0.7467855
63,57.144337,11.014111,0.74627906
64,64.11249,14.913878,0.745722
65,71.08051,18.813742,0.74511266
66,78.04793,22.713503,0.7444501
67,85.015495,26.613436,0.74374425
68,91.98257,30.51329,0.74299407
69,98.94948,34.413197,0.74217856
70,105.91645,38.313267,0.7413393
71,112.88403,42.21368,0.74044317
72,119.85205,46.114403,0.7394999
73,126.820404,50.01545,0.7385318
74,133.7907,53.91742,0.7375097
75,140.7619,57.81998,0.7364463
76,147.73488,61.72348,0.73535585
77,154.71043,65.62833,0.7342281
78,161.68834,69.53442,0.7330558
79,168.66974,73.4423,0.73185235
80,175.65485,77.3521,0.7306391
81,182.64516,81.26455,0.72938216
82,189.64095,85.179794,0.72811496
83,196.64421,89.09879,0.72685754
84,8.250207,-24.264093,0.7490884
85,15.220408,-20.364342,0.74883723
86,22.190384,-16.464521,0.7485164
87,29.160046,-12.564638,0.74815416
88,36.12945,-8.664767,0.74774224
89,43.098812,-4.7648745,0.74728894
90,50.067883,-0.8649495,0.7467907
91,57.036346,3.0349934,0.7462238
92,64.004715,6.934994,0.74562687
93,70.972946,10.835012,0.74496776
94,77.94065,14.734966,0.7442605
95,84.90834,18.63504,0.7435106
96,91.87563,22.5351,0.7427019
97,98.842865,26.435186,0.7418455
98,105.809715,30.335302,0.7409456
99,112.77731,34.23574,0.7400071
100,119.74532,38.136436,0.739019
101,126.7135,42.037354,0.73797554
102,133.68333,45.939,0.7369146
103,140.65431,49.84123,0.73578984
104,147.62666,53.744205,0.73463315
105,154.6014,57.648277,0.73344487
106,161.57855,61.553555,0.7322099
107,168.55875,65.460304,0.73094976
108,175.5424,69.36874,0.7296513
109,182.53096,73.27948,0.72833526
110,189.5246,77.19269,0.7269838
111,196.52496,81.10908,0.72562647
112,8.140572,-32.244648,0.7494591
113,15.110975,-28.344732,0.7491493
114,22.081167,-24.444746,0.7487841
115,29.051077,-20.544731,0.7483791
116,36.020786,-16.644714,0.74793094
117,42.990395,-12.74473,0.74743736
118,49.959614,-8.844602,0.7468739
119,56.92832,-4.944407,0.74626887
120,63.896927,-1.0442808,0.74562234
121,70.86536,2.8559127,0.74491805
122,77.83335,6.7561007,0.7441628
123,84.80116,10.656307,0.7433657
124,91.768745,14.556554,0.74250805
125,98.73616,18.456827,0.7416133
126,105.70311,22.357054,0.7406572
127,112.67072,26.257572,0.73966676
128,119.63871,30.158258,0.7386245
129,126.60699,34.05918,0.73753107
130,133.57626,37.96053,0.7364148
131,140.54715,41.862537,0.73523545
132,147.51904,45.76509,0.7340215
133,154.49304,49.668564,0.73277456
134,161.4696,53.57315,0.73148084
135,168.44867,57.478928,0.7301566
136,175.43134,61.38626,0.72878647
137,182.41809,65.29546,0.72740525
138,189.41003,69.20698,0.7259807
139,196.40794,73.12116,0.7245432
140,8.030944,-40.225784,0.7499658
141,15.001595,-36.325615,0.7495887
142,21.97199,-32.425453,0.74918354
143,28.942183,-28.525293,0.74872226
144,35.912193,-24.625154,0.748217
145,42.88197,-20.724913,0.7476608
146,49.851254,-16.824553,0.74705535
147,56.820263,-12.9242,0.74640423
148,63.789116,-9.023895,0.74570817
149,70.757774,-5.123509,0.7449594
150,77.726,-1.2231665,0.7441598
151,84.69399,2.6772497,0.7433119
152,91.66184,6.5776443,0.74241054
153,98.629425,10.478078,0.7414704
154,105.596596,14.378548,0.7404635
155,112.56421,18.279108,0.73942477
156,119.532234,22.179823,0.7383341
157,126.50066,26.08079,0.73719025
158,133.46954,29.981977,0.7360169
159,140.4403,33.883793,0.7347852
160,147.41193,37.78606,0.73351765
161,154.38533,41.68904,0.7322135
162,161.36131,45.59304,0.7308628
163,168.33955,49.497997,0.729472
164,175.32129,53.404392,0.728048
165,182.30655,57.312294,0.72659296
166,189.29703,61.22234,0.72510195
167,196.29283,65.13462,0.7235869
168,7.921272,-48.207226,0.75046206
169,14.892203,-44.30702,0.7500764
170,21.862883,-40.406685,0.7496424
171,28.833317,-36.50632,0.7491391
172,35.803497,-32.605904,0.7485749
173,42.77334,-28.70538,0.74797434
174,49.742863,-24.80487,0.74733084
175,56.712196,-20.904337,0.74663055
176,63.681263,-17.00384,0.74589515
177,70.65017,-13.1033325,0.7451021
178,77.61858,-9.202731,0.74425125
179,84.58684,-5.3021717,0.74335444
180,91.5549,-1.4015774,0.7424085
181,98.52269,2.4990385,0.74141806
182,105.4901,6.3996444,0.74037206
183,112.45777,10.300341,0.7392804
184,119.4259,14.20113,0.7381378
185,126.39444,18.102116,0.7369483
186,133.36317,22.00327,0.73571175
187,140.33376,25.90493,0.7344422
188,147.30525,29.806982,0.7331135
189,154.27823,33.709606,0.7317549
190,161.25362,37.613068,0.730348
191,168.23131,41.51742,0.72890055
192,175.21213,45.42296,0.7274187
193,182.19629,49.329807,0.7258919
194,189.18535,53.238514,0.7243433
195,196.17944,57.14922,0.72275466
196,7.811561,-56.188732,0.7511391
197,14.7826605,-52.288357,0.750694
198,21.753557,-48.38788,0.75017637
199,28.7242,-44.48737,0.7496247
200,35.69457,-40.586807,0.74903697
201,42.664677,-36.68616,0.7483974
202,49.6345,-32.785515,0.74771094
203,56.604073,-28.88485,0.74696803
204,63.573437,-24.984158,0.74617517
205,70.54254,-21.083464,0.7453341
206,77.51112,-17.182697,0.7444327
207,84.47969,-13.281957,0.74349356
208,91.44793,-9.381182,0.74250686
209,98.415955,-5.480408,0.741467
210,105.38359,-1.5795714,0.7403711
211,112.3514,2.3212583,0.7392283
212,119.31967,6.222155,0.7380449
213,126.28832,10.123188,0.73680407
214,133.25708,14.024386,0.73551905
215,140.2275,17.92589,0.7341947
216,147.19893,21.827814,0.7328226
217,154.17162,25.730139,0.7314017
218,161.14651,29.633148,0.7299412
219,168.1238,33.537014,0.7284363
220,175.10379,37.441803,0.7268948
221,182.08716,41.34781,0.72531015
222,189.07484,45.25531,0.72369564
223,196.0676,49.164646,0.7220405
224,7.701815,-64.1708,0.7519164
225,14.673147,-60.2702,0.7514068
226,21.64426,-56.36957,0.7508543
227,28.61511,-52.468864,0.7502623
228,35.58572,-48.56815,0.7496172
229,42.556065,-44.66737,0.74891937
230,49.52613,-40.766556,0.74818075
231,56.495983,-36.865707,0.7473922
232,63.4656,-32.96486,0.74655557
233,70.434814,-29.063942,0.7456522
234,77.40364,-25.16298,0.744718
235,84.372536,-21.262102,0.7437286
236,91.34093,-17.361116,0.7426957
237,98.30922,-13.4601755,0.7416067
238,105.27705,-9.559171,0.7404656
239,112.245094,-5.658187,0.7392786
240,119.21354,-1.7571565,0.7380445
241,126.18231,2.1439564,0.73675764
242,133.15118,6.0452003,0.735421
243,140.1215,9.946656,0.7340476
244,147.09293,13.848418,0.7326228
245,154.06546,17.750565,0.73114663
246,161.03998,21.653248,0.72963667
247,168.01694,25.55664,0.72807837
248,174.99626,29.460802,0.7264787
249,181.979,33.36607,0.72484016
250,188.96552,37.27257,0.72316253
251,195.95714,41.180717,0.72144866
252,7.592056,-72.153336,0.75273764
253,14.563633,-68.252594,0.75222886
254,21.534983,-64.351715,0.751632
255,28.506056,-60.4508,0.7509836
256,35.476906,-56.549885,0.750284
257,42.447475,-52.648945,0.74955565
258,49.417824,-48.747963,0.74875313
259,56.387913,-44.846985,0.7479023
260,63.357647,-40.9459,0.74701357
261,70.32699,-37.0447,0.7460766
262,77.29626,-33.14366,0.7450987
263,84.26532,-29.242586,0.74406207
264,91.23392,-25.341415,0.7429766
265,98.20246,-21.440256,0.7418421
266,105.17049,-17.539062,0.74065095
267,112.138855,-13.637962,0.739421
268,119.10749,-9.736815,0.7381364
269,126.07643,-5.835637,0.73680407
270,133.04544,-1.934316,0.73542154
271,140.0158,1.9671048,0.73399556
272,146.98724,5.86879,0.7325236
273,153.95969,9.770782,0.73099893
274,160.93398,13.673182,0.7294359
275,167.91064,17.576199,0.7278249
276,174.88951,21.479889,0.7261695
277,181.87172,25.38448,0.7244735
278,188.85728,29.290152,0.7227377
279,195.84795,33.19721,0.72096246
280,7.482232,-80.13598,0.7537401
281,14.454048,-76.235016,0.7530925
282,21.425623,-72.334114,0.7524442
283,28.396969,-68.433105,0.7517544
284,35.36807,-64.53205,0.75101376
285,42.33888,-60.6309,0.75023496
286,49.309395,-56.729725,0.74938977
287,56.279613,-52.828423,0.7485063
288,63.24955,-48.927143,0.7475807
289,70.219315,-45.02591,0.7466086
290,77.18889,-41.12473,0.7455745
291,84.15803,-37.22338,0.7444818
292,91.12695,-33.322056,0.7433559
293,98.09566,-29.420753,0.74216646
294,105.063965,-25.519373,0.74093443
295,112.03268,-21.618118,0.73966104
296,119.001526,-17.716835,0.73833144
297,125.97067,-13.815567,0.73694855
298,132.93983,-9.914183,0.73552036
299,139.91034,-6.012761,0.7340487
300,146.88187,-2.1111112,0.7325247
301,153.8543,1.7907364,0.73095256
302,160.82846,5.692962,0.7293354
303,167.80493,9.595633,0.7276724
304,174.78348,13.498904,0.7259661
305,181.76521,17.402908,0.7242158
306,188.7501,21.307829,0.72242254
307,195.7399,25.213966,0.7205923
308,7.3724213,-88.11931,0.7547603
309,14.344466,-84.2182,0.7541467
310,21.316277,-80.31692,0.7534557
311,28.287802,-76.41564,0.7527099
312,35.259083,-72.51434,0.7519081
313,42.230106,-68.61303,0.75107133
314,49.200874,-64.71166,0.7501796
315,56.171402,-60.81033,0.7492473
316,63.141693,-56.908966,0.7482665
317,70.1117,-53.007553,0.747217
318,77.08135,-49.106075,0.7461322
319,84.05076,-45.20456,0.7450123
320,91.01998,-41.30311,0.7438288
321,97.988785,-37.401524,0.7425935
322,104.95753,-33.50005,0.74132377
323,111.926575,-29.598667,0.73999375
324,118.895676,-25.697273,0.73862004
325,125.86502,-21.79589,0.73719096
326,132.8344,-17.894423,0.73571813
327,139.80515,-13.992981,0.73419696
328,146.77676,-10.09141,0.7326261
329,153.74925,-6.1895804,0.7310019
330,160.7234,-2.2875566,0.7293372
331,167.69977,1.6148715,0.727623
332,174.6781,5.5177574,0.7258647
333,181.65948,9.421262,0.724061
334,188.64389,13.325581,0.72221285
335,195.63295,17.23086,0.7203235
336,7.2625504,-96.102974,0.75595945
337,14.23485,-92.201546,0.7552539
338,21.206882,-88.30015,0.7544866
339,28.178684,-84.39877,0.75368875
340,35.15025,-80.497345,0.75284994
341,42.121532,-76.59583,0.7519588
342,49.09252,-72.69431,0.75103176
343,56.063282,-68.792694,0.7500393
344,63.033737,-64.89107,0.7490068
345,70.0039,-60.98944,0.7479289
346,76.97385,-57.08779,0.7468126
347,83.94357,-53.186172,0.7456298
348,90.91289,-49.28442,0.7443931
349,97.88198,-45.3827,0.7431278
350,104.851234,-41.481125,0.7418081
351,111.82054,-37.579624,0.74043095
352,118.789955,-33.678116,0.73900825
353,125.75946,-29.77662,0.73753124
354,132.72916,-25.875067,0.7360116
355,139.70024,-21.973595,0.73444045
356,146.67195,-18.072063,0.7328228
357,153.64458,-14.1703005,0.7311524
358,160.6188,-10.268395,0.72943854
359,167.59514,-6.3662386,0.72767663
360,174.57338,-2.4636772,0.72586465
361,181.55453,1.4394457,0.72401136
362,188.53857,5.3431683,0.72211003
363,195.52707,9.247737,0.7201681
364,7.152653,-104.08692,0.75721806
365,14.125201,-100.18544,0.7564297
366,21.097494,-96.2839,0.7556639
367,28.06954,-92.38226,0.7548233
368,35.041306,-88.48056,0.7539358
369,42.012806,-84.57884,0.7529924
370,48.98403,-80.677086,0.75200987
371,55.95503,-76.775345,0.7509682
372,62.925747,-72.873566,0.7498954
373,69.89621,-68.97178,0.7487606
374,76.866394,-65.069916,0.7475652
375,83.83622,-61.16802,0.7463349
376,90.8058,-57.26613,0.74507606
377,97.775444,-53.364365,0.74375916
378,104.74504,-49.4627,0.74239033
379,111.71463,-45.561058,0.7409653
380,118.684364,-41.659424,0.73949534
381,125.654,-37.757774,0.7379718
382,132.62422,-33.85617,0.73640805
383,139.59558,-29.954725,0.7347897
384,146.56744,-26.05316,0.73312056
385,153.54027,-22.151476,0.73140466
386,160.51466,-18.249699,0.72964245
387,167.49107,-14.347727,0.7278308
388,174.46927,-10.4453945,0.725971
389,181.45032,-6.542715,0.72406405
390,188.43413,-2.6394732,0.72211325
391,195.42223,1.264479,0.72011524
392,7.0427504,-112.07215,0.75869197
393,14.015543,-108.16997,0.75786656
394,20.988056,-104.2679,0.7569765
395,27.960314,-100.36603,0.75602734
396,34.932354,-96.46417,0.75506836
397,41.90412,-92.56234,0.75407416
398,48.875595,-88.660416,0.7530429
399,55.846813,-84.75846,0.75196904
400,62.81776,-80.85642,0.75083244
401,69.78839,-76.95436,0.74965274
402,76.75877,-73.052345,0.74844015
403,83.72897,-69.15032,0.7471783
404,90.69906,-65.24841,0.7458694
405,97.669075,-61.346573,0.7444958
406,104.638954,-57.444756,0.7430723
407,111.6089,-53.543,0.7416081
408,118.57884,-49.641205,0.740079
409,125.54875,-45.73941,0.7385188
410,132.5196,-41.837845,0.73691314
411,139.4912,-37.936375,0.73524046
412,146.46327,-34.034744,0.7335205
413,153.43636,-30.133123,0.73175967
414,160.41101,-26.231451,0.7299497
415,167.38754,-22.329666,0.72808844
416,174.3658,-18.4276,0.7261764
417,181.34685,-14.525229,0.7242219
418,188.33054,-10.622446,0.7222172
419,195.3184,-6.7190766,0.72016984
420,6.932839,-120.058586,0.7602533
421,13.905938,-116.15585,0.7593571
422,20.878742,-112.25332,0.75841963
423,27.851254,-108.35094,0.75745934
424,34.82347,-104.4486,0.75644535
425,41.79545,-100.5463,0.7553882
426,48.76713,-96.64412,0.7542847
427,55.7386,-92.74192,0.7531378
428,62.70981,-88.83976,0.7519573
429,69.68076,-84.93762,0.7507343
430,76.651535,-81.0355,0.74945885
431,83.62212,-77.133415,0.74812645
432,90.59252,-73.23137,0.7467517
433,97.56282,-69.32932,0.74533063
434,104.53307,-65.42739,0.74386823
435,111.5033,-61.52544,0.74233496
436,118.473404,-57.62347,0.74077034
437,125.44394,-53.72167,0.7391743
438,132.41531,-49.82014,0.7375094
439,139.38708,-45.91855,0.735789
440,146.35944,-42.016926,0.7340243
441,153.33287,-38.115353,0.7322191
442,160.30789,-34.21377,0.730359
443,167.28456,-30.312132,0.7284475
444,174.263,-26.410297,0.7264871
445,181.24413,-22.508274,0.72448516
446,188.22781,-18.605854,0.7224302
447,195.21562,-14.70305,0.72032946
448,6.822906,-128.046,0.7618673
449,13.796364,-124.142914,0.7609465
450,20.769499,-120.23985,0.75998586
451,27.742285,-116.33695,0.75895244
452,34.7148,-112.43419,0.75787574
453,41.68706,-108.53157,0.7567503
454,48.659016,-104.629036,0.7556033
455,55.630745,-100.72659,0.7544099
456,62.60225,-96.82415,0.7531576
457,69.573494,-92.921776,0.7518771
458,76.54454,-89.01944,0.750548
459,83.51542,-85.11714,0.74917096
460,90.48615,-81.21491,0.74775547
461,97.45682,-77.31273,0.7462805
462,104.42733,-73.41061,0.74474806
463,111.39773,-69.5084,0.74318004
464,118.36837,-65.60643,0.7415845
465,125.33962,-61.70471,0.739934
466,132.31128,-57.803047,0.738213
467,139.28331,-53.9014,0.73644316
468,146.25603,-49.99978,0.73463446
469,153.2299,-46.09825,0.7327747
470,160.2053,-42.196785,0.73087394
471,167.18214,-38.295288,0.72891194
472,174.16089,-34.393627,0.7269071
473,181.14217,-30.491863,0.7248493
474,188.12599,-26.58985,0.7227482
475,195.11386,-22.687563,0.72059983
476,6.712968,-136.03532,0.7638312
477,13.6867895,-132.131,0.76274014
478,20.660242,-128.22731,0.7616189
479,27.63339,-124.324066,0.7605198
480,34.606247,-120.42096,0.75941503
481,41.5788,-116.51794,0.7582598
482,48.551067,-112.615,0.75704736
483,55.523075,-108.71217,0.7557939
484,62.494854,-104.80942,0.75450236
485,69.466415,-100.90676,0.7531571
486,76.43779,-97.004196,0.7517668
487,83.40898,-93.1017,0.75033396
488,90.380005,-89.19923,0.74883986
489,97.35088,-85.29677,0.74731493
490,104.32166,-81.39438,0.74574846
491,111.29263,-77.49221,0.7441634
492,118.264,-73.5903,0.74250793
493,125.23564,-69.68853,0.74078566
494,132.20753,-65.78671,0.73901975
495,139.17993,-61.88498,0.73720646
496,146.15312,-57.983364,0.73534894
497,153.12749,-54.081924,0.7334501
498,160.1033,-50.18054,0.7314898
499,167.08037,-46.279144,0.7294817
500,174.05956,-42.37774,0.7274297
501,181.04099,-38.476227,0.7253235
502,188.02513,-34.57456,0.72317535
503,195.01314,-30.672739,0.7209764
504,6.6030254,-144.02707,0.76575434
505,13.577323,-140.12187,0.76467526
506,20.551172,-136.21704,0.76357514
507,27.524612,-132.31262,0.7623958
508,34.497746,-128.40866,0.761135
509,41.470577,-124.5051,0.75985825
510,48.443153,-120.60175,0.7585662
511,55.41551,-116.698586,0.75724465
512,62.387596,-112.79553,0.7558935
513,69.35946,-108.892586,0.75449705
514,76.3311,-104.989685,0.7530648
515,83.30258,-101.08689,0.7515836
516,90.27391,-97.184166,0.75007266
517,97.245255,-93.28164,0.74852777
518,104.21668,-89.37933,0.74691737
519,111.18828,-85.47719,0.7452532
520,118.16001,-81.57509,0.7435213
521,125.13191,-77.67312,0.74174875
522,132.10419,-73.77117,0.73994035
523,139.07706,-69.869415,0.7380837
524,146.0508,-65.96786,0.73618174
525,153.02573,-62.06649,0.73422474
526,160.00185,-58.16516,0.73221534
527,166.97932,-54.263832,0.73016346
528,173.959,-50.36266,0.72806096
529,180.94066,-46.461395,0.7259052
530,187.92528,-42.560116,0.7237107
531,194.9135,-38.65872,0.72146064
532,6.493072,-152.0207,0.76788545
533,13.467892,-148.11444,0.7666908
534,20.442225,-144.20883,0.7654878
535,27.416117,-140.30373,0.76427084
536,34.38966,-136.399,0.7630126
537,41.362835,-132.49457,0.7617254
538,48.335693,-128.59045,0.7603825
539,55.308292,-124.68663,0.7589988
540,62.280693,-120.78305,0.75757146
541,69.25288,-116.87969,0.7561037
542,76.22491,-112.97651,0.75460535
543,83.196815,-109.07352,0.7530677
544,90.168655,-105.17073,0.75148
545,97.14051,-101.26806,0.74984187
546,104.11234,-97.36551,0.7481495
547,111.08424,-93.46311,0.7464267
548,118.0563,-89.56078,0.7446478
549,125.02861,-85.658646,0.7428381
550,132.00137,-81.75668,0.740981
551,138.97482,-77.85491,0.73907423
552,145.94917,-73.953415,0.73712534
553,152.92459,-70.052055,0.73511267
554,159.90105,-66.15073,0.7330528
555,166.87914,-62.249596,0.7309568
556,173.85922,-58.348583,0.72879857
557,180.84128,-54.447525,0.72660106
558,187.82652,-50.546665,0.7243555
559,194.81499,-46.64568,0.72205985
560,6.383125,-160.0175,0.7702434
561,13.358519,-156.10963,0.7689444
562,20.333347,-152.20273,0.767645
563,27.307724,-148.29655,0.7663122
564,34.28168,-144.391,0.7649654
565,41.255318,-140.48592,0.7635886
566,48.2286,-136.5812,0.7621877
567,55.201633,-132.67679,0.7607372
568,62.174404,-128.7727,0.75926524
569,69.14698,-124.86886,0.757748
570,76.11939,-120.96526,0.7561841
571,83.09169,-117.06187,0.7545782
572,90.06387,-113.15863,0.75293034
573,97.03607,-109.2556,0.751241
574,104.00826,-105.35276,0.7495054
575,110.98057,-101.45013,0.74772877
576,117.95307,-97.54765,0.7459108
577,124.9259,-93.645386,0.74405104
578,131.89928,-89.743385,0.7421421
579,138.87337,-85.84164,0.74018675
580,145.84828,-81.940125,0.73817855
581,152.82407,-78.03874,0.736114
582,159.80109,-74.13748,0.73401606
583,166.77985,-70.23653,0.7318616
584,173.76028,-66.33565,0.7296543
585,180.74303,-62.434887,0.7274131
586,187.72887,-58.534367,0.725116
587,194.7177,-54.633762,0.7227693
588,6.273178,-168.01778,0.77267045
589,13.249242,-164.10838,0.7713596
590,20.22466,-160.19984,0.76999515
591,27.19954,-156.29222,0.7685823
592,34.173977,-152.3854,0.76713806
593,41.148037,-148.4793,0.7656777
594,48.121735,-144.57372,0.7641871
595,55.095165,-140.66858,0.7626638
596,62.068363,-136.76385,0.761115
597,69.04133,-132.85947,0.75952184
598,76.01414,-128.95534,0.75790304
599,82.98684,-125.05151,0.7562361
600,89.95944,-121.14789,0.7545303
601,96.93205,-117.24455,0.7527905
602,103.9047,-113.341446,0.75100034
603,110.8775,-109.43855,0.74918026
604,117.85056,-105.53595,0.7473079
605,124.82401,-101.633644,0.74539304
606,131.79802,-97.73157,0.7434347
607,138.77267,-93.82978,0.7414087
608,145.748,-89.92815,0.73934
609,152.72435,-86.02671,0.73723745
610,159.70215,-82.125656,0.735092
611,166.6814,-78.22475,0.73287547
612,173.6624,-74.32402,0.7306329
613,180.64603,-70.4236,0.72834235
614,187.63235,-66.52338,0.7259902
615,194.62178,-62.6232,0.7235985
616,6.16324,-176.02177,0.77536774
617,13.140036,-172.11035,0.7738987
618,20.116158,-168.20035,0.77242005
619,27.091673,-164.2914,0.77096075
620,34.06666,-160.38322,0.7694879
621,41.04121,-156.47578,0.76795125
622,48.015347,-152.56902,0.7663894
623,54.98921,-148.66292,0.7647912
624,61.962814,-144.75732,0.76316065
625,68.9362,-140.85222,0.7615007
626,75.909454,-136.9475,0.75980365
627,82.88259,-133.0431,0.75807273
628,89.85565,-129.13907,0.7563064
629,96.828766,-125.23538,0.75450313
630,103.80193,-121.33197,0.75266165
631,110.775314,-117.42886,0.7507753
632,117.748985,-113.526085,0.74884313
633,124.72303,-109.623634,0.7468603
634,131.69756,-105.7214,0.7448259
635,138.67265,-101.81937,0.742751
636,145.6486,-97.91767,0.7406475
637,152.62576,-94.016365,0.73849314
638,159.60416,-90.11531,0.73627484
639,166.58392,-86.21444,0.73402363
640,173.56587,-82.31401,0.7317354
641,180.55025,-78.41392,0.72938496
642,187.53714,-74.51394,0.72698534
643,194.52736,-70.61423,0.72454804
644,6.0532713,-184.03033,0.7781821
645,13.03095,-180.11691,0.7766494
646,20.007832,-176.20474,0.7751352
647,26.984005,-172.29385,0.77356005
648,33.959625,-168.38417,0.77193683
649,40.934776,-164.47551,0.770313
650,47.909508,-160.56766,0.76869124
651,54.883892,-156.66046,0.7670443
652,61.857994,-152.75388,0.7653544
653,68.83187,-148.84787,0.7636271
654,75.805595,-144.94241,0.7618642
655,82.779205,-141.03735,0.76006603
656,89.752785,-137.13277,0.75823176
657,96.72642,-133.22859,0.7563543
658,103.70013,-129.32478,0.75444156
659,110.67404,-125.42134,0.75248027
660,117.648224,-121.51821,0.75047654
661,124.62274,-117.615364,0.7484341
662,131.59782,-113.7129,0.74636084
663,138.57365,-109.81086,0.74425673
664,145.5504,-105.909164,0.7420831
665,152.52817,-102.007805,0.7398561
666,159.50711,-98.106674,0.7375988
667,166.48782,-94.20606,0.73531055
668,173.47072,-90.30587,0.73296136
669,180.45572,-86.40594,0.73055273
670,187.44342,-82.50631,0.7281111
671,194.43462,-78.6071,0.7256245
672,5.943339,-192.0446,0.7813383
673,12.921961,-188.12811,0.7796816
674,19.899698,-184.21364,0.77795786
675,26.876678,-180.30086,0.7762821
676,33.85303,-176.38937,0.77463335
677,40.828808,-172.47891,0.7729461
678,47.804104,-168.56947,0.77122754
679,54.77904,-164.661,0.76945513
680,61.75371,-160.75333,0.7676571
681,68.72813,-156.84636,0.7658521
682,75.702385,-152.94003,0.76401687
683,82.67654,-149.03426,0.76215166
684,89.650635,-145.12897,0.76024795
685,96.6248,-141.22417,0.7583098
686,103.59903,-137.31981,0.7563369
687,110.57349,-133.41591,0.7543302
688,117.54827,-129.51242,0.7522851
689,124.523506,-125.60937,0.750193
690,131.49934,-121.70677,0.7480602
691,138.47588,-117.80455,0.74586236
692,145.4532,-113.90267,0.74362963
693,152.43163,-110.00118,0.74136966
694,159.41158,-106.10026,0.73907906
695,166.3933,-102.19984,0.7367185
696,173.37688,-98.29977,0.7343059
697,180.3627,-94.40002,0.7318572
698,187.35146,-90.500786,0.72937024
699,194.3437,-86.60209,0.72683626
700,5.833392,-200.06519,0.78461677
701,12.813155,-196.14583,0.782843
702,19.791868,-192.22844,0.78111494
703,26.76971,-188.31287,0.7793456
704,33.746807,-184.399,0.7775259
705,40.72332,-180.48668,0.77568847
706,47.699352,-176.57568,0.77386576
707,54.67495,-172.66576,0.7720525
708,61.65023,-168.75671,0.77020544
709,68.625206,-164.8485,0.7683381
710,75.60003,-160.94107,0.76643085
711,82.574745,-157.03435,0.76448613
712,89.54942,-153.12823,0.7625045
713,96.52418,-149.22275,0.76049566
714,103.499054,-145.31781,0.7584466
715,110.474174,-141.41342,0.7563647
716,117.44963,-137.50954,0.7542357
717,124.42549,-133.60606,0.75206405
718,131.40193,-129.7031,0.7498563
719,138.37912,-125.80056,0.74762225
720,145.35728,-121.89862,0.74536157
721,152.33675,-117.99725,0.7430491
722,159.31766,-114.09638,0.7406749
723,166.30013,-110.19593,0.73825246
724,173.28458,-106.296,0.7357984
725,180.27151,-102.396576,0.73330516
726,187.2614,-98.497765,0.73076606
727,194.25507,-94.59967,0.7282045
728,5.723455,-208.0935,0.7882584
729,12.704485,-204.17015,0.7863281
730,19.684313,-200.24953,0.78441805
731,26.663189,-196.33118,0.78250986
732,33.641212,-192.41483,0.7806367
733,40.61853,-188.50005,0.7787629
734,47.595264,-184.58678,0.7768546
735,54.57154,-180.67485,0.77489275
736,61.547447,-176.76416,0.7729204
737,68.5231,-172.85457,0.77092814
738,75.49857,-168.94594,0.7689247
739,82.47394,-165.03812,0.76690155
740,89.44925,-161.13107,0.7648528
741,96.42464,-157.22473,0.76276934
742,103.40014,-153.319,0.76066023
743,110.3759,-149.41396,0.75850934
744,117.35201,-145.50948,0.7563336
745,124.32861,-141.60559,0.75412375
746,131.3059,-137.70235,0.7518784
747,138.28404,-133.79973,0.7495849
748,145.2632,-129.89772,0.74723375
749,152.2435,-125.996216,0.7448387
750,159.22519,-122.09521,0.7424105
751,166.20862,-118.194824,0.73994994
752,173.19423,-114.29508,0.73744565
753,180.18236,-110.395996,0.7348998
754,187.17368,-106.49769,0.7323279
755,194.16928,-102.60044,0.7297273
756,5.613567,-216.13203,0.79242265
757,12.596017,-212.20337,0.7901891
758,19.57714,-208.27844,0.7880605
759,26.557112,-204.35649,0.7860232
760,33.536148,-200.4369,0.7839983
761,40.514427,-196.5195,0.78195596
762,47.49204,-192.60393,0.7799301
763,54.469147,-188.68994,0.777906
764,61.44584,-184.77734,0.7758725
765,68.42219,-180.86595,0.77382916
766,75.39832,-176.95567,0.7717556
767,82.37435,-173.0465,0.7696383
768,89.35033,-169.13824,0.76750594
769,96.32641,-165.23085,0.76534224
770,103.30265,-161.32426,0.7631457
771,110.279175,-157.41849,0.7609243
772,117.25612,-153.51346,0.75866365
773,124.23358,-149.60913,0.7563651
774,131.21172,-145.70544,0.7540256
775,138.19067,-141.8024,0.7516518
776,145.17062,-137.90005,0.74924266
777,152.15186,-133.99834,0.74679863
778,159.13461,-130.09734,0.74432755
779,166.11923,-126.197044,0.7418088
780,173.10608,-122.29753,0.7392518
781,180.09569,-118.39887,0.7366769
782,187.08899,-114.50139,0.7340701
783,194.08607,-110.60469,0.731341
784,1.8285419,11.734946,0.7486461
785,8.797841,15.633817,0.74866104
786,15.766917,19.532738,0.74864286
787,22.7357,23.431667,0.7485513
788,29.70427,27.330633,0.74843657
789,36.672813,31.229845,0.74825716
790,43.640717,35.128746,0.7480292
791,50.608505,39.027782,0.7477529
792,57.57614,42.92694,0.74744695
793,64.54331,46.82594,0.7470536
794,71.51045,50.72516,0.74665576
795,78.477234,54.624275,0.7461811
796,85.44384,58.52354,0.7456552
797,92.41034,62.422905,0.7451224
798,99.377426,66.32284,0.7445317
799,106.344894,70.22324,0.74389255
800,113.31261,74.123985,0.7432333
801,120.28208,78.02603,0.7425334
802,127.25242,81.9288,0.7417854
803,134.22437,85.83276,0.74101585
804,141.19868,89.73838,0.7402151
805,148.17525,93.64553,0.73937464
806,155.15508,97.55489,0.73851883
807,162.13834,101.46651,0.73764914
808,169.12657,105.38132,0.73674613
809,176.11998,109.29942,0.73585063
810,183.12036,113.22195,0.7349741
811,190.13054,117.150566,0.7341164
812,-5.0310974,15.814862,0.74867725
813,1.9382055,19.713552,0.74879956
814,8.907278,23.612324,0.7488702
815,15.876085,27.51104,0.748878
816,22.84467,31.40981,0.7488579
817,29.813189,35.30884,0.7487853
818,36.781216,39.20759,0.74863905
819,43.74901,43.1064,0.74847555
820,50.716633,47.00532,0.7482445
821,57.68398,50.90423,0.74795794
822,64.65101,54.80313,0.7476605
823,71.61789,58.70214,0.747269
824,78.58457,62.601227,0.74686277
825,85.55088,66.500244,0.74639696
826,92.51774,70.3999,0.7459155
827,99.48494,74.299995,0.7453853
828,106.45233,78.200455,0.74478894
829,113.420876,82.10193,0.7442275
830,120.39069,86.004456,0.7435558
831,127.36159,89.9079,0.7428845
832,134.33456,93.81293,0.74219507
833,141.30986,97.71965,0.7414425
834,148.28778,101.6283,0.7407002
835,155.26895,105.539215,0.73990136
836,162.25449,109.45316,0.73913133
837,169.24477,113.370316,0.73831016
838,176.24118,117.29151,0.73751885
839,183.24588,121.218216,0.73680407
840,-11.890553,19.894835,0.74868494
841,-4.921251,23.793364,0.7488967
842,2.0478282,27.691893,0.74904454
843,9.016662,31.590412,0.74915594
844,15.985266,35.48898,0.74924403
845,22.953747,39.387856,0.7492656
846,29.921864,43.28645,0.7491906
847,36.88968,47.18502,0.749126
848,43.857315,51.083733,0.74900556
849,50.824753,54.982536,0.7488119
850,57.79174,58.88113,0.74860615
851,64.758766,62.780045,0.7483097
852,71.725395,66.67889,0.7480095
853,78.691795,70.57773,0.74761856
854,85.65836,74.477005,0.7472573
855,92.62532,78.37684,0.746816
856,99.592606,82.27713,0.7463215
857,106.56034,86.177986,0.7458429
858,113.52964,90.08027,0.7452968
859,120.49978,93.983315,0.7447107
860,127.47157,97.88777,0.7441203
861,134.4457,101.794075,0.74348235
862,141.42197,105.702034,0.7428257
863,148.40146,109.61243,0.7421289
864,155.38443,113.5254,0.7414619
865,162.37221,117.441795,0.740734
866,169.36514,121.36186,0.7400385
867,176.36514,125.28682,0.73937935
868,-18.74973,23.974756,0.74861306
869,-11.780464,27.873064,0.7489239
870,-4.8114004,31.771397,0.74917495
871,2.1574378,35.66975,0.7493859
872,9.126049,39.568237,0.7495788
873,16.094513,43.466896,0.7496833
874,23.062641,47.365257,0.7497029
875,30.030502,51.26366,0.7497453
876,36.998165,55.162163,0.7497169
877,43.965664,59.06081,0.74962604
878,50.932682,62.95919,0.74949414
879,57.89973,66.85797,0.749322
880,64.866394,70.75657,0.7491066
881,71.83287,74.655304,0.7488119
882,78.79924,78.55419,0.74854654
883,85.76605,82.45379,0.7482045
884,92.73316,86.35387,0.74781895
885,99.70044,90.254295,0.74740547
886,106.66916,94.156204,0.7469933
887,113.63875,98.05896,0.746491
888,120.60959,101.96291,0.745991
889,127.58256,105.8687,0.7454779
890,134.5576,109.776215,0.74489087
891,141.53546,113.686,0.74433094
892,148.51636,117.59819,0.74372643
893,155.50179,121.513824,0.74313223
894,162.49182,125.43289,0.74251336
895,169.48802,129.35654,0.7419282
896,-25.608757,28.054768,0.7485307
897,-18.639475,31.952812,0.7489259
898,-11.670431,35.85099,0.7492843
899,-4.701624,39.74923,0.74960995
900,2.267016,43.64759,0.7498646
901,9.23544,47.54594,0.7500265
902,16.203598,51.444042,0.7501709
903,23.171503,55.342285,0.7503035
904,30.13919,59.240627,0.7503802
905,37.106705,63.139095,0.750383
906,44.07381,67.03731,0.75033593
907,51.04085,70.935875,0.7502837
908,58.007545,74.834305,0.75014836
909,64.974106,78.73291,0.7499681
910,71.94038,82.63148,0.74977946
911,78.90709,86.530846,0.7495468
912,85.874016,90.43069,0.7492712
913,92.84107,94.330864,0.74892426
914,99.8092,98.23228,0.7486447
915,106.77833,102.13483,0.74823105
916,113.748436,106.03836,0.74782515
917,120.720375,109.943634,0.7474162
918,127.69439,113.850784,0.7469369
919,134.67073,117.75991,0.7464761
920,141.65005,121.67159,0.7459547
921,148.63321,125.58635,0.7454843
922,155.62083,129.50467,0.74494815
923,162.61383,133.42719,0.74446285
924,-32.467777,32.134922,0.7483749
925,-25.4985,36.03285,0.74888843
926,-18.529423,39.930813,0.7493422
927,-11.560557,43.828857,0.74973106
928,-4.5919027,47.726902,0.7500563
929,2.3765273,51.624844,0.7503396
930,9.344722,55.52284,0.75061965
931,16.312668,59.420956,0.75082976
932,23.280396,63.319126,0.75099754
933,30.247894,67.2174,0.7511015
934,37.21505,71.11542,0.75115573
935,44.182137,75.01383,0.75118935
936,51.148857,78.91208,0.751152
937,58.115463,82.81052,0.7510755
938,65.08173,86.70886,0.75097674
939,72.048355,90.607994,0.7508473
940,79.01512,94.50759,0.75067395
941,85.98209,98.40762,0.7504176
942,92.949684,102.30857,0.75024205
943,99.91846,106.21091,0.7499365
944,106.88798,110.114105,0.74962413
945,113.85904,114.01889,0.74930567
946,120.83214,117.9257,0.7489476
947,127.807175,121.834274,0.74856716
948,134.78516,125.7455,0.74815905
949,141.76628,129.65944,0.74778736
950,148.75182,133.57712,0.7473529
951,155.74203,137.49866,0.746963
952,-39.326214,36.214756,0.74816644
953,-32.357037,40.11252,0.7487608
954,-25.38802,44.010326,0.74929404
955,-18.419184,47.90813,0.749778
956,-11.450551,51.805923,0.7502374
957,-4.482145,55.703777,0.7506533
958,2.486036,59.60168,0.7509992
959,9.4539995,63.49961,0.7513101
960,16.421743,67.397675,0.7515851
961,23.389265,71.2957,0.75173765
962,30.356451,75.19354,0.7519373
963,37.323563,79.091805,0.7520581
964,44.29034,82.989876,0.7521102
965,51.25696,86.88816,0.75212824
966,58.22327,90.7863,0.75211823
967,65.18982,94.68525,0.75210476
968,72.156494,98.584625,0.7520253
969,79.123375,102.48452,0.75187063
970,86.09061,106.38506,0.7517849
971,93.05903,110.2872,0.7515967
972,100.02808,114.19013,0.7513731
973,106.998436,118.09453,0.75115967
974,113.97067,122.00093,0.7509179
975,120.94471,125.90911,0.7506175
976,127.921394,129.81987,0.7503314
977,134.90086,133.73315,0.750033
978,141.88449,137.65022,0.74973434
979,148.87233,141.57094,0.74942183
980,-46.184612,40.294743,0.747934
981,-39.21541,44.19228,0.7486089
982,-32.24641,48.089836,0.7492531
983,-25.277618,51.987453,0.7498542
984,-18.309029,55.88512,0.75039226
985,-11.340624,59.78281,0.75088704
986,-4.372445,63.68054,0.7513347
987,2.5955057,67.57835,0.75175345
988,9.563263,71.476234,0.7520911
989,16.530785,75.37393,0.7523518
990,23.498034,79.27174,0.752666
991,30.465141,83.169815,0.75285786
992,37.431957,87.0677,0.75303525
993,44.39862,90.96582,0.75313497
994,51.364964,94.863815,0.75322926
995,58.3315,98.76258,0.7533131
996,65.29812,102.66181,0.7533394
997,72.26489,106.56156,0.75328374
998,79.231895,110.46181,0.75328505
999,86.200005,114.36373,0.75321615
1000,93.16868,118.26645,0.7530883
1001,100.13845,122.170525,0.75296974
1002,107.10993,126.07656,0.752838
1003,114.08313,129.98445,0.75263566
1004,121.05864,133.89473,0.7524722
1005,128.03677,137.80754,0.7522452
1006,135.01862,141.72397,0.7520781
1007,142.00443,145.64401,0.7518492
1008,-53.04293,44.37485,0.7476412
1009,-46.07371,48.27215,0.7484362
1010,-39.104694,52.16948,0.74917144
1011,-32.135902,56.066895,0.7498536
1012,-25.16732,59.964375,0.75049704
1013,-18.19894,63.861904,0.7510928
1014,-11.230779,67.75951,0.7516455
1015,-4.2628045,71.65715,0.7521159
1016,2.7049394,75.55469,0.7525335
1017,9.672462,79.4522,0.75296414
1018,16.63979,83.35004,0.7533508
1019,23.606874,87.247826,0.75362015
1020,30.573734,91.145615,0.75391257
1021,37.540405,95.043526,0.7540872
1022,44.506832,98.94141,0.7543121
1023,51.47335,102.84006,0.7544829
1024,58.439922,106.73914,0.7546084
1025,65.40664,110.638725,0.75464785
1026,72.37348,114.53879,0.754754
1027,79.34134,118.44052,0.75479424
1028,86.3097,122.343056,0.7547593
1029,93.27899,126.24687,0.75474215
1030,100.24983,130.1526,0.75472134
1031,107.222305,134.06026,0.75461054
1032,114.19678,137.9701,0.754558
1033,121.17379,141.88258,0.75442475
1034,128.15404,145.79837,0.75437343
1035,135.13809,149.71791,0.7542402
1036,-59.900776,48.45477,0.74729127
1037,-52.931717,52.351963,0.7481752
1038,-45.962807,56.24921,0.7490081
1039,-38.99405,60.14647,0.74979323
1040,-32.025486,64.04377,0.7505413
1041,-25.05709,67.941086,0.7512075
1042,-18.088917,71.838425,0.75183344
1043,-11.12093,75.73573,0.7524263
1044,-4.1531715,79.63311,0.75299317
1045,2.8143609,83.53069,0.7535259
1046,9.781679,87.428345,0.75394964
1047,16.748775,91.32586,0.75435233
1048,23.71567,95.22358,0.75473017
1049,30.68235,99.12122,0.75499654
1050,37.648834,103.0191,0.75535446
1051,44.615383,106.91767,0.7556053
1052,51.581917,110.81661,0.75584334
1053,58.54855,114.71606,0.75597245
1054,65.51534,118.616,0.75618637
1055,72.48296,122.517586,0.75633055
1056,79.45105,126.41998,0.7563972
1057,86.41999,130.3236,0.756478
1058,93.39028,134.22908,0.75656044
1059,100.36212,138.1365,0.7565567
1060,107.33572,142.04604,0.7566088
1061,114.31173,145.95824,0.75657535
1062,121.290596,149.8735,0.75663316
1063,128.27313,153.79265,0.75660247
1064,-66.75877,52.53496,0.74692065
1065,-59.789585,56.431847,0.74791914
1066,-52.820583,60.32876,0.7488414
1067,-45.851826,64.22578,0.74971336
1068,-38.883278,68.12286,0.75053453
1069,-31.914957,72.020004,0.7513225
1070,-24.9468,75.91718,0.75205976
1071,-17.978876,79.81447,0.7527713
1072,-11.011153,83.711845,0.7534171
1073,-4.043614,87.60923,0.75397795
1074,2.9237123,91.50654,0.75452
1075,9.890836,95.404015,0.7550526
1076,16.85775,99.30156,0.75548327
1077,23.824434,103.199,0.7559023
1078,30.790997,107.096954,0.7563601
1079,37.75754,110.995415,0.7566941
1080,44.72409,114.894295,0.7570213
1081,51.69064,118.79359,0.7572507
1082,58.657406,122.69349,0.7575841
1083,65.62484,126.59497,0.75782007
1084,72.592705,130.49724,0.7579922
1085,79.56135,134.4007,0.7581788
1086,86.53118,138.30603,0.7583636
1087,93.50248,142.21329,0.75847286
1088,100.47535,146.12254,0.7586178
1089,107.45046,150.03455,0.7586952
1090,114.428154,153.94942,0.758851
1091,121.40932,157.86823,0.7589354
1092,-73.616455,56.61508,0.7465043
1093,-66.647316,60.51179,0.74756515
1094,-59.678402,64.40861,0.74858
1095,-52.709682,68.305466,0.7495607
1096,-45.741158,72.202385,0.7505019
1097,-38.77281,76.099335,0.7513866
1098,-31.804668,79.99635,0.752212
1099,-24.836718,83.89343,0.7529893
1100,-17.868977,87.79051,0.7537178
1101,-10.901434,91.68764,0.7544242
1102,-3.9340947,95.58491,0.7550941
1103,3.0330389,99.48226,0.7556703
1104,9.999958,103.379486,0.7562035
1105,16.966679,107.27696,0.7567952
1106,23.9333,111.175,0.75729764
1107,30.899837,115.073364,0.75775474
1108,37.86638,118.972206,0.7581686
1109,44.832893,122.87128,0.7585026
1110,51.799633,126.77131,0.75896627
1111,58.766953,130.67271,0.7592797
1112,65.73463,134.57487,0.7595509
1113,72.702995,138.47826,0.7598408
1114,79.672485,142.38347,0.7601384
1115,86.64327,146.2906,0.76034254
1116,93.61552,150.19969,0.76059437
1117,100.58989,154.11153,0.7607772
1118,107.566536,158.02611,0.761042
1119,114.54648,161.94464,0.76124394
1120,-80.47404,60.695293,0.74600846
1121,-73.50496,64.591866,0.74718076
1122,-66.535995,68.488434,0.7483139
1123,-59.56725,72.38505,0.74939543
1124,-52.59871,76.281746,0.7504193
1125,-45.630383,80.17851,0.7513913
1126,-38.662277,84.07535,0.7523264
1127,-31.694345,87.97225,0.7532157
1128,-24.726627,91.869225,0.7540649
1129,-17.759094,95.76629,0.75484246
1130,-10.791754,99.66337,0.7555554
1131,-3.82461,103.56039,0.756247
1132,3.1423202,107.45759,0.7569576
1133,10.109079,111.355255,0.7576266
1134,17.075699,115.253235,0.75820565
1135,24.04226,119.15154,0.75877017
1136,31.008781,123.05031,0.7592562
1137,37.975266,126.94928,0.7597328
1138,44.94206,130.8495,0.76029456
1139,51.90923,134.75082,0.760696
1140,58.876755,138.65291,0.7610755
1141,65.84493,142.55627,0.76147646
1142,72.81412,146.46146,0.7618756
1143,79.784485,150.36852,0.7621771
1144,86.7562,154.27751,0.7625466
1145,93.72987,158.18922,0.76283157
1146,100.70567,162.10364,0.7631996
1147,107.68453,166.02197,0.76351184
1148,-87.33177,64.77576,0.74553627
1149,-80.36237,68.6719,0.7467825
1150,-73.393394,72.56826,0.7479782
1151,-66.42471,76.464745,0.7491433
1152,-59.45623,80.3613,0.75026566
1153,-52.48793,84.25792,0.75135005
1154,-45.519814,88.15459,0.75238
1155,-38.55188,92.05128,0.7533528
1156,-31.584143,95.94805,0.75428164
1157,-24.616583,99.84485,0.7551559
1158,-17.649252,103.7417,0.7560245
1159,-10.682141,107.63879,0.75688565
1160,-3.7152226,111.53618,0.75767195
1161,3.2515697,115.43382,0.758382
1162,10.218203,119.331726,0.75908875
1163,17.184786,123.23005,0.7597356
1164,24.151268,127.1286,0.76030976
1165,31.117775,131.02768,0.760969
1166,38.08458,134.92813,0.76157886
1167,45.05165,138.82935,0.7620617
1168,52.019035,142.7314,0.7625634
1169,58.987045,146.63481,0.7630828
1170,65.95599,150.54007,0.7635859
1171,72.925995,154.44707,0.7639843
1172,79.89726,158.35605,0.7644656
1173,86.87034,162.26768,0.76485384
1174,93.8454,166.18205,0.76533264
1175,100.8233,170.1003,0.7657557
1176,-94.19011,68.85683,0.74497265
1177,-87.22048,72.752686,0.7463434
1178,-80.2512,76.64864,0.74765724
1179,-73.28224,80.54472,0.7489253
1180,-66.3136,84.44093,0.7501456
1181,-59.34523,88.337265,0.751302
1182,-52.377113,92.23371,0.7524313
1183,-45.409203,96.13027,0.7535069
1184,-38.441505,100.02691,0.75455195
1185,-31.473995,103.92369,0.75555414
1186,-24.50671,107.82064,0.75651777
1187,-17.539606,111.71778,0.75742245
1188,-10.572681,115.61509,0.7582983
1189,-3.605879,119.51265,0.7591259
1190,3.360767,123.410576,0.7599274
1191,10.327355,127.30877,0.76063424
1192,17.293844,131.2072,0.76136774
1193,24.26042,135.10669,0.76216316
1194,31.227184,139.0072,0.762804
1195,38.19414,142.90834,0.763424
1196,45.161457,146.81042,0.7640289
1197,52.12933,150.71397,0.76465714
1198,59.098103,154.61932,0.76525176
1199,66.06775,158.5263,0.7657689
1200,73.03866,162.43541,0.76635665
1201,80.01121,166.34702,0.7668415
1202,86.98563,170.26143,0.7674431
1203,93.96269,174.17964,0.7679661
1204,-101.048996,72.9384,0.74438864
1205,-94.079025,76.83395,0.745858
1206,-87.10944,80.72959,0.74727416
1207,-80.14028,84.62542,0.7486322
1208,-73.171486,88.52138,0.74995285
1209,-66.20299,92.41748,0.751215
1210,-59.23477,96.31372,0.7524488
1211,-52.266808,100.210075,0.7536325
1212,-45.299057,104.10658,0.754766
1213,-38.331543,108.00326,0.7558612
1214,-31.364223,111.90008,0.7569109
1215,-24.397087,115.7971,0.75793076
1216,-17.43014,119.69438,0.75891274
1217,-10.463331,123.59196,0.75983137
1218,-3.496645,127.48972,0.7606829
1219,3.4699345,131.38774,0.7615435
1220,10.436478,135.28653,0.76245874
1221,17.403065,139.18633,0.7632844
1222,24.36979,143.08673,0.7640048
1223,31.336704,146.98787,0.7647345
1224,38.303936,150.8901,0.76547617
1225,45.27176,154.79385,0.7662023
1226,52.24029,158.69933,0.7668862
1227,59.20971,162.60632,0.7675106
1228,66.18031,166.51561,0.76821786
1229,73.15235,170.42726,0.76881045
1230,80.126274,174.34183,0.7695317
1231,87.102585,178.26009,0.77015644
1232,-107.90835,77.02043,0.74379545
1233,-100.93788,80.915596,0.7453191
1234,-93.96812,84.811066,0.7468215
1235,-86.99875,88.70667,0.7482928
1236,-80.029724,92.60237,0.7497221
1237,-73.06104,96.49822,0.7511051
1238,-66.09267,100.39421,0.7524347
1239,-59.12457,104.290375,0.7537037
1240,-52.15675,108.18673,0.7549462
1241,-45.189182,112.08327,0.7561419
1242,-38.221806,115.98001,0.75728893
1243,-31.254631,119.87697,0.75839293
1244,-24.287632,123.77415,0.7594358
1245,-17.32078,127.67149,0.7604471
1246,-10.354075,131.56917,0.76148134
1247,-3.3874748,135.46753,0.7625219
1248,3.5790875,139.36671,0.76346725
1249,10.545674,143.2665,0.76433665
1250,17.512383,147.16684,0.7651809
1251,24.47926,151.0681,0.7660411
1252,31.446466,154.97055,0.7668861
1253,38.414192,158.87454,0.7677342
1254,45.3826,162.7801,0.7684767
1255,52.351765,166.68724,0.7692561
1256,59.322113,170.59677,0.77003455
1257,66.29374,174.5085,0.77076334
1258,73.26722,178.42337,0.77159727
1259,80.24287,182.34175,0.7723197
1260,-114.76956,81.10388,0.743126
1261,-107.79819,84.99852,0.74480516
1262,-100.827515,88.89329,0.7464186
1263,-93.857544,92.78836,0.74795026
1264,-86.8882,96.683754,0.74943775
1265,-79.91935,100.57941,0.75089914
1266,-72.95081,104.47524,0.7523202
1267,-65.982605,108.37124,0.7536961
1268,-59.01468,112.267426,0.75503355
1269,-52.046974,116.16379,0.75632083
1270,-45.07952,120.06035,0.7575719
1271,-38.112244,123.95712,0.75878495
1272,-31.145191,127.85417,0.75997466
1273,-24.178333,131.75165,0.7611767
1274,-17.21164,135.64972,0.7623196
1275,-10.24501,139.54839,0.7633783
1276,-3.278438,143.44753,0.7643901
1277,3.688185,147.34723,0.7653708
1278,10.654898,151.24767,0.76634854
1279,17.621775,155.14912,0.76732755
1280,24.588951,159.05188,0.7682942
1281,31.556623,162.95615,0.76920646
1282,38.52487,166.86179,0.7700576
1283,45.493893,170.76921,0.7709829
1284,52.463974,174.67899,0.77182925
1285,59.435303,178.5909,0.77269965
1286,66.40839,182.50618,0.77362585
1287,73.38343,186.42474,0.77447754
1288,-121.63183,85.188156,0.74244916
1289,-114.65977,89.08244,0.74420106
1290,-107.68853,92.97696,0.74590665
1291,-100.71797,96.87167,0.7475876
1292,-93.747986,100.7666,0.7492104
1293,-86.77853,104.66172,0.75077397
1294,-79.80958,108.55713,0.75230163
1295,-72.84107,112.4528,0.7537787
1296,-65.87292,116.34875,0.75521135
1297,-58.905094,120.244965,0.756615
1298,-51.937534,124.14148,0.7579707
1299,-44.97023,128.03833,0.7592977
1300,-38.003162,131.93558,0.76058966
1301,-31.036247,135.83325,0.76182526
1302,-24.069471,139.73134,0.76301336
1303,-17.102774,143.6299,0.76416564
1304,-10.136132,147.52899,0.76530135
1305,-3.1694803,151.42877,0.76640475
1306,3.7972515,155.32944,0.76750267
1307,10.764139,159.2312,0.76860535
1308,17.731312,163.1343,0.76966447
1309,24.698927,167.03871,0.7706359
1310,31.667063,170.94449,0.77163965
1311,38.635975,174.85237,0.7726753
1312,45.60584,178.7623,0.7736023
1313,52.57691,182.67462,0.7746419
1314,59.54965,186.59033,0.7756402
1315,66.5242,190.50916,0.7766043
1316,-128.49593,89.27378,0.7417377
1317,-121.522736,93.1675,0.74358815
1318,-114.55055,97.06154,0.74538934
1319,-107.579315,100.95591,0.74714345
1320,-100.6088,104.85053,0.74886143
1321,-93.638916,108.74546,0.750533
1322,-86.66958,112.64061,0.7521686
1323,-79.70068,116.536064,0.75375706
1324,-72.7322,120.4318,0.75529766
1325,-65.764114,124.32786,0.7567899
1326,-58.796345,128.22424,0.7582551
1327,-51.82884,132.12097,0.7596627
1328,-44.86158,136.0181,0.76103574
1329,-37.894512,139.91565,0.7623672
1330,-30.92761,143.81367,0.7636826
1331,-23.960815,147.71222,0.76495475
1332,-16.9941,151.61142,0.7662101
1333,-10.0273905,155.51138,0.7674427
1334,-3.0606291,159.41235,0.7686535
1335,3.906301,163.31447,0.76984406
1336,10.873471,167.21782,0.7709687
1337,17.841026,171.12231,0.7720727
1338,24.809105,175.02855,0.7732426
1339,31.777924,178.9368,0.774321
1340,38.747593,182.84694,0.7753848
1341,45.71849,186.7599,0.77656376
1342,52.6909,190.676,0.7776265
1343,59.66504,194.59525,0.77874035
1344,-135.36263,93.36123,0.7410069
1345,-128.38795,97.25432,0.74297774
1346,-121.414505,101.14772,0.7448647
1347,-114.442215,105.04151,0.7467199
1348,-107.47081,108.93566,0.74850583
1349,-100.50026,112.830185,0.7502866
1350,-93.53035,116.725044,0.7520109
1351,-86.561,120.620224,0.7536895
1352,-79.59216,124.51575,0.7553333
1353,-72.623726,128.4116,0.7569215
1354,-65.655685,132.30783,0.75848657
1355,-58.687927,136.20445,0.7600086
1356,-51.72046,140.10149,0.76148945
1357,-44.753235,143.999,0.7629426
1358,-37.786182,147.89705,0.76436096
1359,-30.819263,151.7957,0.7657481
1360,-23.85246,155.69511,0.76711696
1361,-16.885696,159.59538,0.768471
1362,-9.918867,163.4967,0.76978385
1363,-2.951895,167.39905,0.77102906
1364,4.015316,171.30246,0.77225035
1365,10.982872,175.20735,0.7735387
1366,17.950933,179.11409,0.77477247
1367,24.919659,183.02254,0.7759348
1368,31.88921,186.9332,0.77720183
1369,38.85995,190.84686,0.7784394
1370,45.83206,194.76329,0.7796098
1371,52.80585,198.68315,0.7808901
1372,-142.23174,97.45038,0.7402393
1373,-135.25562,101.34294,0.7422792
1374,-128.28093,105.235886,0.7443067
1375,-121.307365,109.12913,0.7462692
1376,-114.33488,113.02271,0.7481942
1377,-107.363335,116.9167,0.7500624
1378,-100.3926,120.8111,0.75186
1379,-93.42261,124.705894,0.75364405
1380,-86.4532,128.60112,0.75538385
1381,-79.48433,132.49675,0.7570804
1382,-72.5159,136.39279,0.75874555
1383,-65.547844,140.28929,0.76035976
1384,-58.580116,144.18628,0.76195663
1385,-51.61267,148.08383,0.7635171
1386,-44.64544,151.98198,0.7650436
1387,-37.67838,155.88081,0.76654947
1388,-30.711458,159.78049,0.76802784
1389,-23.744555,163.681,0.76944447
1390,-16.777605,167.58243,0.7708175
1391,-9.810552,171.48486,0.7721974
1392,-2.843297,175.38866,0.7736027
1393,4.1243057,179.2941,0.77495635
1394,11.092354,183.2011,0.7762525
1395,18.061035,187.10994,0.7776054
1396,25.030542,191.0214,0.77898735
1397,32.001114,194.93555,0.780284
1398,38.97299,198.85251,0.78162503
1399,45.946533,202.77315,0.7830085
1400,-149.10437,101.54194,0.73946106
1401,-142.12622,105.43375,0.7416113
1402,-135.14972,109.32591,0.7437168
1403,-128.17474,113.218575,0.74575955
1404,-121.20112,117.111755,0.74776375
1405,-114.228546,121.005325,0.7497534
1406,-107.25688,124.89932,0.7516799
1407,-100.28605,128.79372,0.7535762
1408,-93.31593,132.68857,0.75543386
1409,-86.34644,136.58391,0.7572345
1410,-79.37749,140.47975,0.7590024
1411,-72.409004,144.37613,0.76072913
1412,-65.4409,148.27306,0.762416
1413,-58.473156,152.17062,0.76408446
1414,-51.505653,156.06883,0.765701
1415,-44.53837,159.96777,0.76729476
1416,-37.571186,163.8675,0.7688336
1417,-30.604105,167.76804,0.77037364
1418,-23.637,171.66965,0.7719014
1419,-16.669823,175.57253,0.77343404
1420,-9.702477,179.4768,0.77490133
1421,-2.734816,183.38249,0.7763075
1422,4.2332773,187.28986,0.7777866
1423,11.201964,191.1995,0.7792938
1424,18.171408,195.11162,0.7807277
1425,25.141882,199.02623,0.7821316
1426,32.113594,202.94395,0.7836379
1427,39.08691,206.8655,0.7851449
1428,-155.98071,105.63604,0.7386676
1429,-149.00023,109.52698,0.7408892
1430,-142.02188,113.418526,0.74307483
1431,-135.04521,117.31058,0.7452541
1432,-128.06992,121.20303,0.74738175
1433,-121.095955,125.09597,0.74944824
1434,-114.123146,128.98946,0.75147915
1435,-107.15134,132.88348,0.753447
1436,-100.18041,136.77805,0.7553975
1437,-93.21019,140.67314,0.7572972
1438,-86.240616,144.56877,0.75916606
1439,-79.27157,148.465,0.76100343
1440,-72.302986,152.36179,0.7627994
1441,-65.33478,156.25926,0.7645669
1442,-58.366894,160.15741,0.76628876
1443,-51.399254,164.05637,0.7679931
1444,-44.43182,167.95619,0.76968837
1445,-37.464523,171.85707,0.77137
1446,-30.497236,175.75908,0.7729926
1447,-23.529892,179.66231,0.7745672
1448,-16.562407,183.56679,0.7761331
1449,-9.594632,187.47284,0.77774185
1450,-2.6264663,191.381,0.7793629
1451,4.3422503,195.29138,0.78091246
1452,11.311694,199.20396,0.78243685
1453,18.282091,203.11928,0.78403294
1454,25.25371,207.03796,0.7856467
1455,32.22685,210.96053,0.7873299
1456,-162.8622,109.73355,0.73782474
1457,-155.87895,113.62356,0.7402053
1458,-148.8979,117.51407,0.74251026
1459,-141.91893,121.40517,0.74474686
1460,-134.94188,125.29697,0.7469524
1461,-127.96641,129.1894,0.7491278
1462,-120.99225,133.08238,0.75125074
1463,-114.01918,136.9759,0.75335246
1464,-107.047104,140.87,0.7554026
1465,-100.07591,144.76466,0.7574262
1466,-93.10549,148.66,0.7593952
1467,-86.135735,152.55598,0.76133454
1468,-79.16654,156.45267,0.7632365
1469,-72.19784,160.3501,0.76512426
1470,-65.22952,164.24832,0.7669656
1471,-58.261513,168.1474,0.76878023
1472,-51.29372,172.04747,0.7705427
1473,-44.3261,175.9485,0.77228224
1474,-37.358524,179.85066,0.7740022
1475,-30.390919,183.75409,0.77571815
1476,-23.423244,187.65909,0.7774749
1477,-16.455345,191.56598,0.7792053
1478,-9.487078,195.47476,0.7808674
1479,-2.518266,199.38559,0.78250855
1480,4.4512076,203.29889,0.7842172
1481,11.4216175,207.21516,0.78594136
1482,18.393179,211.13486,0.78768826
1483,25.366241,215.05891,0.7896091
1484,-169.74922,113.8347,0.7370159
1485,-162.7626,117.72359,0.7394609
1486,-155.77882,121.6132,0.74186045
1487,-148.7974,125.5035,0.74422544
1488,-141.81796,129.39438,0.746552
1489,-134.84033,133.28589,0.7488196
1490,-127.86432,137.17809,0.7510493
1491,-120.889755,141.07101,0.7532271
1492,-113.91644,144.96468,0.75536966
1493,-106.94413,148.85904,0.7574559
1494,-99.97278,152.75407,0.7595481
1495,-93.002144,156.64986,0.76159126
1496,-86.03218,160.54637,0.763606
1497,-79.06277,164.4437,0.76557153
1498,-72.093834,168.34184,0.76752293
1499,-65.12529,172.24095,0.7694437
1500,-58.157032,176.14104,0.77134126
1501,-51.18902,180.04227,0.77323675
1502,-44.22113,183.94484,0.77513266
1503,-37.25327,187.84889,0.77697104
1504,-30.285376,191.75453,0.7787939
1505,-23.317228,195.66188,0.7805643
1506,-16.348766,199.57114,0.7823582
1507,-9.379819,203.48267,0.78418005
1508,-2.4102504,207.39693,0.7860164
1509,4.5601935,211.31422,0.787866
1510,11.531754,215.23534,0.7898553
1511,18.504793,219.16136,0.7918632
1512,-176.64363,117.940704,0.736256
1513,-169.65273,121.82808,0.7387605
1514,-162.66527,125.716385,0.7412428
1515,-155.6807,129.60551,0.74370086
1516,-148.69864,133.49551,0.746111
1517,-141.71872,137.38626,0.7484611
1518,-134.74074,141.27779,0.7508194
1519,-127.7643,145.17003,0.75312006
1520,-120.78924,149.06303,0.7553744
1521,-113.81549,152.95679,0.75762326
1522,-106.842766,156.85136,0.75978494
1523,-99.87105,160.74677,0.76193905
1524,-92.90013,164.64305,0.7640682
1525,-85.92989,168.54025,0.7661541
1526,-78.96025,172.43843,0.7682205
1527,-71.99107,176.33765,0.77024627
1528,-65.02229,180.23802,0.7722629
1529,-58.053802,184.1396,0.7742457
1530,-51.085464,188.04254,0.77619046
1531,-44.117214,191.94693,0.7781195
1532,-37.14894,195.85292,0.78005457
1533,-30.180504,199.76077,0.7819859
1534,-23.211798,203.67079,0.78393227
1535,-16.242666,207.58325,0.78588283
1536,-9.27295,211.49852,0.7878537
1537,-2.3024068,215.41724,0.78993505
1538,4.6691995,219.34035,0.7920627
1539,11.642224,223.26741,0.7938378
1540,-183.54807,122.053215,0.73545665
1541,-176.55162,125.93859,0.73814356
1542,-169.55908,129.8249,0.74069965
1543,-162.57043,133.71251,0.7432058
1544,-155.585,137.60121,0.74571455
1545,-148.60214,141.49088,0.748171
1546,-141.62155,145.38144,0.75060385
1547,-134.64291,149.2729,0.7529929
1548,-127.666,153.1653,0.75534225
1549,-120.69055,157.05856,0.7576563
1550,-113.716415,160.95271,0.7599778
1551,-106.74333,164.8478,0.76221997
1552,-99.771225,168.74384,0.7644582
1553,-92.799934,172.64087,0.76664954
1554,-85.82936,176.53897,0.76881707
1555,-78.859344,180.43819,0.77095217
1556,-71.889824,184.33862,0.77306956
1557,-64.920654,188.24036,0.7751635
1558,-57.95174,192.14352,0.7772516
1559,-50.982998,196.04832,0.77932984
1560,-44.01429,199.95491,0.7814071
1561,-37.045494,203.86353,0.7834615
1562,-30.076494,207.77438,0.78553236
1563,-23.107096,211.68791,0.78764033
1564,-16.137201,215.60468,0.7898602
1565,-9.166523,219.52534,0.7920223
1566,-2.1947875,223.44946,0.7939276
1567,4.778261,227.37645,0.7958743
1568,-5.2509727,-0.14317189,0.74857515
1569,-12.1107435,3.9372056,0.74845874
1570,-18.970354,8.017556,0.7483057
1571,-25.829718,12.097896,0.74811757
1572,-32.68889,16.17828,0.74786615
1573,-39.548145,20.25876,0.7475799
1574,-46.4067,24.339066,0.74722445
1575,-53.265236,28.419428,0.74684525
1576,-60.1237,32.499905,0.74640626
1577,-66.98169,36.580246,0.74591315
1578,-73.83984,40.66078,0.745395
1579,-80.697655,44.74125,0.74482876
1580,-87.55539,48.821823,0.74419093
1581,-94.413246,52.902588,0.74354655
1582,-101.27179,56.98384,0.7428509
1583,-108.13088,61.065567,0.7420847
1584,-114.99047,65.14766,0.74133545
1585,-121.85205,69.23102,0.7405387
1586,-128.71468,73.3151,0.73967016
1587,-135.5792,77.4004,0.73880076
1588,-142.44641,81.48736,0.7378917
1589,-149.31615,85.57584,0.73696333
1590,-156.18945,89.66654,0.73600304
1591,-163.06662,93.759575,0.73503643
1592,-169.94908,97.85575,0.73402476
1593,-176.83717,101.9553,0.7330146
1594,-183.73285,106.059296,0.73204094
1595,-190.63885,110.16932,0.7310536
1596,-5.360884,-8.122754,0.74864763
1597,-12.220891,-4.042154,0.7484969
1598,-19.080692,0.03839144,0.74829286
1599,-25.940285,4.118962,0.74805707
1600,-32.799564,8.199525,0.747748
1601,-39.658993,12.280164,0.74741554
1602,-46.517876,16.36074,0.74701875
1603,-53.37651,20.4413,0.7465772
1604,-60.23509,24.521887,0.7461059
1605,-67.09345,28.602518,0.7455733
1606,-73.95154,32.683113,0.74500376
1607,-80.80957,36.763805,0.74435747
1608,-87.66752,40.84456,0.74368924
1609,-94.52518,44.925285,0.74298036
1610,-101.38362,49.0065,0.742233
1611,-108.2426,53.0881,0.7414265
1612,-115.10193,57.169994,0.74059224
1613,-121.96278,61.252792,0.7397304
1614,-128.82512,65.33647,0.7388144
1615,-135.68884,69.42102,0.7378708
1616,-142.55504,73.50697,0.73692
1617,-149.42386,77.59447,0.7358912
1618,-156.29576,81.68373,0.73487127
1619,-163.17128,85.77505,0.7338007
1620,-170.05177,89.86918,0.73272866
1621,-176.9375,93.96628,0.73165756
1622,-183.82997,98.06714,0.73054695
1623,-190.73163,102.17312,0.72950363
1624,-5.4708304,-16.10263,0.7488278
1625,-12.331046,-12.021881,0.7486262
1626,-19.191072,-7.9411054,0.74838245
1627,-26.05084,-3.8603399,0.748084
1628,-32.91033,0.2204516,0.7477445
1629,-39.769894,4.3012247,0.7473484
1630,-46.62908,8.382004,0.7469165
1631,-53.487846,12.462761,0.7464309
1632,-60.34656,16.543547,0.7458956
1633,-67.20518,20.624397,0.74530804
1634,-74.06329,24.705164,0.74468815
1635,-80.92162,28.786057,0.74401635
1636,-87.77962,32.866924,0.7432958
1637,-94.63742,36.947823,0.742515
1638,-101.49566,41.02898,0.7417145
1639,-108.354515,45.11052,0.74086875
1640,-115.213905,49.192398,0.73995864
1641,-122.07401,53.27472,0.7390463
1642,-128.93608,57.358067,0.73807675
1643,-135.79924,61.442062,0.7370635
1644,-142.6645,65.5272,0.7360419
1645,-149.53256,69.6138,0.73497564
1646,-156.40314,73.70183,0.7338543
1647,-163.2775,77.79185,0.7327115
1648,-170.15593,81.88404,0.73158187
1649,-177.03976,85.97912,0.73038304
1650,-183.92952,90.077354,0.7292016
1651,-190.82718,94.17974,0.7280514
1652,-5.58086,-24.08288,0.7491067
1653,-12.441264,-20.001934,0.7488451
1654,-19.301485,-15.920957,0.7485568
1655,-26.161392,-11.839967,0.74820924
1656,-33.021126,-7.7589936,0.7478121
1657,-39.88088,-3.678054,0.74737483
1658,-46.740284,0.40294945,0.7469027
1659,-53.599216,4.483903,0.74636513
1660,-60.458096,8.564919,0.74577814
1661,-67.31692,12.645926,0.7451509
1662,-74.175186,16.726906,0.7444667
1663,-81.03369,20.807943,0.74375683
1664,-87.891785,24.888979,0.7429808
1665,-94.74985,28.970089,0.7421507
1666,-101.60788,33.05125,0.7412995
1667,-108.466705,37.132793,0.7403979
1668,-115.32606,41.214638,0.73943806
1669,-122.18577,45.29675,0.7384711
1670,-129.04742,49.37974,0.7374312
1671,-135.91031,53.463375,0.73637444
1672,-142.77478,57.547855,0.7352631
1673,-149.64198,61.633648,0.73413676
1674,-156.51167,65.72071,0.73295903
1675,-163.38487,69.80952,0.7317786
1676,-170.26161,73.90016,0.7305366
1677,-177.14377,77.99345,0.72929317
1678,-184.03119,82.089424,0.72802013
1679,-190.92578,86.18897,0.7267604
1680,-5.690861,-32.063377,0.74945813
1681,-12.551467,-27.98228,0.7491685
1682,-19.411854,-23.901129,0.7488244
1683,-26.272,-19.81996,0.748431
1684,-33.13202,-15.738828,0.7479957
1685,-39.991966,-11.657697,0.7475147
1686,-46.851463,-7.5765123,0.74697715
1687,-53.710613,-3.4953074,0.7463899
1688,-60.569675,0.5859177,0.7457621
1689,-67.428665,4.6670957,0.74508345
1690,-74.28717,8.74831,0.7443594
1691,-81.14575,12.829505,0.7435865
1692,-88.004036,16.910751,0.7427584
1693,-94.86233,20.992043,0.74188966
1694,-101.72031,25.0733,0.7409794
1695,-108.579124,29.154875,0.74003446
1696,-115.43841,33.236706,0.73902
1697,-122.29806,37.318775,0.7379713
1698,-129.15916,41.401424,0.73689395
1699,-136.02184,45.484787,0.73577845
1700,-142.88579,49.568783,0.734602
1701,-149.75218,53.653873,0.7334319
1702,-156.62123,57.74019,0.7321906
1703,-163.49318,61.82788,0.7309209
1704,-170.36882,65.917336,0.7296232
1705,-177.24913,70.008934,0.728312
1706,-184.13477,74.10304,0.72697526
1707,-191.0268,78.200195,0.7256068
1708,-5.800985,-40.044502,0.74997234
1709,-12.661774,-35.963108,0.7496159
1710,-19.522354,-31.881725,0.7492105
1711,-26.382755,-27.800392,0.7487692
1712,-33.243027,-23.719107,0.7482727
1713,-40.103043,-19.637722,0.7477284
1714,-46.96263,-15.556268,0.74714065
1715,-53.82205,-11.474861,0.7465157
1716,-60.681305,-7.393452,0.74583685
1717,-67.5405,-3.312084,0.74511737
1718,-74.39918,0.76933205,0.74433213
1719,-81.25791,4.8507605,0.7435173
1720,-88.1164,8.932151,0.74264896
1721,-94.97484,13.013628,0.7417289
1722,-101.8329,17.095097,0.74076444
1723,-108.69168,21.176722,0.7397551
1724,-115.55096,25.258581,0.738706
1725,-122.4107,29.34065,0.7376039
1726,-129.27135,33.42308,0.73648417
1727,-136.13383,37.506195,0.7352932
1728,-142.99744,41.589863,0.7340761
1729,-149.86313,45.674377,0.73282033
1730,-156.73157,49.76002,0.73154163
1731,-163.60251,53.846817,0.73020035
1732,-170.47722,57.935223,0.72881824
1733,-177.35588,62.025364,0.7274306
1734,-184.24002,66.117874,0.72604334
1735,-191.12984,70.21297,0.72459275
1736,-5.9111004,-48.02591,0.75046766
1737,-12.772143,-43.944447,0.7500857
1738,-19.63298,-39.862877,0.74965745
1739,-26.493587,-35.781273,0.7491632
1740,-33.353943,-31.69968,0.7486127
1741,-40.214012,-27.617987,0.74802816
1742,-47.073853,-23.536358,0.7474192
1743,-53.93353,-19.454752,0.7467424
1744,-60.79299,-15.373187,0.74601334
1745,-67.65236,-11.29161,0.7452319
1746,-74.51121,-7.209971,0.74440515
1747,-81.37015,-3.1283717,0.74355
1748,-88.22881,0.9532588,0.74263054
1749,-95.0874,5.034902,0.7416588
1750,-101.94563,9.116531,0.7406427
1751,-108.80446,13.198257,0.73959994
1752,-115.66373,17.280195,0.73847604
1753,-122.52358,21.362297,0.7373426
1754,-129.3839,25.444613,0.7361412
1755,-136.24626,29.52755,0.7349163
1756,-143.10959,33.610928,0.73364085
1757,-149.97475,37.69501,0.732323
1758,-156.84259,41.780094,0.73098445
1759,-163.71286,45.866165,0.7295769
1760,-170.58662,49.95361,0.72815514
1761,-177.464,54.04257,0.72669154
1762,-184.34673,58.13365,0.7252181
1763,-191.23466,62.22695,0.7236884
1764,-6.0212016,-56.007404,0.7511441
1765,-12.882418,-51.925713,0.7507063
1766,-19.743418,-47.843964,0.7501975
1767,-26.604189,-43.762196,0.74965465
1768,-33.464733,-39.68042,0.749076
1769,-40.32506,-35.598602,0.7484557
1770,-47.18516,-31.516811,0.74777955
1771,-54.04504,-27.43501,0.7470507
1772,-60.904755,-23.353252,0.7462828
1773,-67.76425,-19.27147,0.7454458
1774,-74.62327,-15.189588,0.7445793
1775,-81.482445,-11.107812,0.74366397
1776,-88.341255,-7.0260015,0.7426924
1777,-95.20003,-2.9442132,0.7416799
1778,-102.05845,1.137638,0.7406229
1779,-108.917336,5.2195063,0.7395065
1780,-115.7767,9.301522,0.7383504
1781,-122.63664,13.383641,0.7371644
1782,-129.49683,17.465984,0.7359061
1783,-136.35904,21.548756,0.73464656
1784,-143.22221,25.63194,0.733294
1785,-150.08702,29.71571,0.73193747
1786,-156.95432,33.800255,0.7305386
1787,-163.82411,37.885757,0.72907037
1788,-170.69699,41.972385,0.7275855
1789,-177.57344,46.060364,0.726075
1790,-184.45474,50.15013,0.7245147
1791,-191.34125,54.24193,0.72293234
1792,-6.1313834,-63.989452,0.7519208
1793,-12.992772,-59.907524,0.7514056
1794,-19.853977,-55.82557,0.7508689
1795,-26.714933,-51.74359,0.7502733
1796,-33.575695,-47.661644,0.74964696
1797,-40.436222,-43.579628,0.7489697
1798,-47.29651,-39.49765,0.74823254
1799,-54.156643,-35.41567,0.74746644
1800,-61.01657,-31.333727,0.7466402
1801,-67.87611,-27.251663,0.7457585
1802,-74.73543,-23.16961,0.7448477
1803,-81.59482,-19.087639,0.74387866
1804,-88.45377,-15.005623,0.7428661
1805,-95.31275,-10.923634,0.7418026
1806,-102.171326,-6.8415823,0.74069405
1807,-109.03039,-2.7595448,0.73951614
1808,-115.889885,1.3225406,0.7383284
1809,-122.74989,5.404751,0.73708975
1810,-129.61009,9.487098,0.7357774
1811,-136.47218,13.569768,0.7344623
1812,-143.3353,17.652822,0.7330758
1813,-150.19983,21.7363,0.73164093
1814,-157.06667,25.820473,0.7301827
1815,-163.93608,29.905424,0.72865635
1816,-170.8082,33.991352,0.7271086
1817,-177.68394,38.078526,0.7255358
1818,-184.56404,42.16717,0.7239293
1819,-191.4493,46.257633,0.7222794
1820,-6.241591,-71.97197,0.7527391
1821,-13.103223,-67.88984,0.7522334
1822,-19.96461,-63.807667,0.75164276
1823,-26.825777,-59.725464,0.75100195
1824,-33.686714,-55.64326,0.7503102
1825,-40.54747,-51.561073,0.7495893
1826,-47.408005,-47.47891,0.7488046
1827,-54.26831,-43.39672,0.74796236
1828,-61.128277,-39.314472,0.7470786
1829,-67.98799,-35.232162,0.7461703
1830,-74.847725,-31.150024,0.745209
1831,-81.7072,-27.067833,0.74419326
1832,-88.56636,-22.985611,0.7431221
1833,-95.42551,-18.903435,0.74201566
1834,-102.28428,-14.82117,0.740857
1835,-109.1436,-10.738993,0.7396495
1836,-116.00322,-6.656811,0.73838913
1837,-122.86335,-2.5745192,0.73709816
1838,-129.72362,1.5079131,0.7357329
1839,-136.5857,5.590538,0.7343635
1840,-143.44878,9.67343,0.7329228
1841,-150.31317,13.756734,0.7314529
1842,-157.1797,17.840588,0.7299369
1843,-164.04877,21.92513,0.72835344
1844,-170.92035,26.010487,0.7267657
1845,-177.7955,30.096903,0.7251332
1846,-184.67453,34.18454,0.7234399
1847,-191.55875,38.27387,0.721726
1848,-6.351831,-79.95456,0.7537426
1849,-13.213608,-75.87222,0.75309986
1850,-20.075237,-71.78995,0.7524533
1851,-26.936619,-67.707634,0.75176555
1852,-33.797794,-63.625267,0.7510394
1853,-40.658714,-59.542885,0.75024754
1854,-47.5194,-55.460426,0.74942386
1855,-54.37981,-51.37796,0.7485543
1856,-61.240013,-47.295517,0.74764323
1857,-68.100136,-43.213173,0.7466932
1858,-74.96004,-39.130795,0.7456644
1859,-81.81957,-35.048344,0.744591
1860,-88.67907,-30.965973,0.7434908
1861,-95.53828,-26.883564,0.74231917
1862,-102.39735,-22.801136,0.74111366
1863,-109.256966,-18.718811,0.73986536
1864,-116.116776,-14.63651,0.7385743
1865,-122.97698,-10.554108,0.7372102
1866,-129.83745,-6.471641,0.7358137
1867,-136.69958,-2.3890188,0.7343914
1868,-143.56268,1.6937985,0.7328969
1869,-150.42697,5.776945,0.7313516
1870,-157.29332,9.8605585,0.7297794
1871,-164.16219,13.944726,0.7281813
1872,-171.0333,18.029572,0.7265139
1873,-177.90797,22.115313,0.72480184
1874,-184.78621,26.202154,0.72308743
1875,-191.66956,30.290447,0.7213113
1876,-6.4621124,-87.93787,0.75476086
1877,-13.324129,-83.85538,0.75413597
1878,-20.185925,-79.772736,0.7534595
1879,-27.047464,-75.690094,0.7527103
1880,-33.908806,-71.60747,0.75192666
1881,-40.769936,-67.52487,0.75108683
1882,-47.63083,-63.44226,0.75021154
1883,-54.491547,-59.35971,0.7492847
1884,-61.352047,-55.27714,0.74830973
1885,-68.21231,-51.19452,0.74727666
1886,-75.07228,-47.111893,0.74621445
1887,-81.93212,-43.029263,0.7451082
1888,-88.7918,-38.94669,0.7439469
1889,-95.65109,-34.864017,0.7427274
1890,-102.51062,-30.781511,0.7414756
1891,-109.37046,-26.699057,0.7401643
1892,-116.23053,-22.616623,0.7388433
1893,-123.090866,-18.534117,0.7374259
1894,-129.95154,-14.451557,0.7359997
1895,-136.81383,-10.368949,0.73450464
1896,-143.67696,-6.2861633,0.7329566
1897,-150.54126,-2.203124,0.73137826
1898,-157.40755,1.8802695,0.7297513
1899,-164.27621,5.964088,0.72807664
1900,-171.1471,10.048512,0.72637326
1901,-178.02135,14.133749,0.7246034
1902,-184.89896,18.21984,0.72282857
1903,-191.78159,22.3072,0.72099143
1904,-6.572441,-95.921524,0.7559584
1905,-13.434668,-91.83869,0.7552553
1906,-20.296673,-87.7559,0.7544907
1907,-27.158442,-83.673134,0.7536831
1908,-34.020027,-79.59036,0.7528564
1909,-40.881363,-75.50755,0.751969
1910,-47.74248,-71.42469,0.7510485
1911,-54.603348,-67.34187,0.7500655
1912,-61.46399,-63.259037,0.74904495
1913,-68.32442,-59.17618,0.7479804
1914,-75.18468,-55.093407,0.7468718
1915,-82.04474,-51.010586,0.7456978
1916,-88.90447,-46.92775,0.74448514
1917,-95.764145,-42.844948,0.7432382
1918,-102.624115,-38.762325,0.7419526
1919,-109.484146,-34.67971,0.7405892
1920,-116.34447,-30.597134,0.73919624
1921,-123.204926,-26.514526,0.7377458
1922,-130.06593,-22.431877,0.7362508
1923,-136.92847,-18.349298,0.73472404
1924,-143.79163,-14.266545,0.73312265
1925,-150.65607,-10.183573,0.7315121
1926,-157.52234,-6.100392,0.72981066
1927,-164.39095,-2.016821,0.728102
1928,-171.26163,2.0672522,0.726322
1929,-178.13565,6.151943,0.72453713
1930,-185.0128,10.237467,0.7226831
1931,-191.8948,14.323966,0.7207862
1932,-6.6827965,-103.90546,0.75721824
1933,-13.545231,-99.82255,0.756428
1934,-20.407463,-95.7396,0.755649
1935,-27.269466,-91.65654,0.7548219
1936,-34.13121,-87.57349,0.753929
1937,-40.99274,-83.490456,0.75299144
1938,-47.85407,-79.40738,0.75201476
1939,-54.715153,-75.324356,0.75098914
1940,-61.576046,-71.241356,0.7499115
1941,-68.436714,-67.158356,0.74878806
1942,-75.29713,-63.075275,0.7476084
1943,-82.15728,-58.992188,0.7464016
1944,-89.01734,-54.90923,0.74515927
1945,-95.87751,-50.826366,0.7438571
1946,-102.73773,-46.74359,0.7425031
1947,-109.59806,-42.66086,0.74110156
1948,-116.45861,-38.578148,0.739653
1949,-123.319214,-34.495365,0.73817277
1950,-130.18074,-30.412743,0.73661
1951,-137.04341,-26.330116,0.73502916
1952,-143.90674,-22.247358,0.73339576
1953,-150.77132,-18.164503,0.73171204
1954,-157.63776,-14.081414,0.7299995
1955,-164.50633,-9.998079,0.72821563
1956,-171.37694,-5.914338,0.7263808
1957,-178.25078,-1.8300813,0.7245402
1958,-185.12766,2.254878,0.7226292
1959,-192.0092,6.340658,0.7206949
1960,-6.7932706,-111.890724,0.75868934
1961,-13.655904,-107.80703,0.7578639
1962,-20.5183,-103.72354,0.7569664
1963,-27.380472,-99.64024,0.7560187
1964,-34.242455,-95.557,0.7550591
1965,-41.104206,-91.4738,0.7540656
1966,-47.96574,-87.39054,0.7530372
1967,-54.82705,-83.30729,0.7519692
1968,-61.688095,-79.224014,0.7508415
1969,-68.54892,-75.14075,0.74967855
1970,-75.40955,-71.05751,0.74847406
1971,-82.2701,-66.97438,0.7472302
1972,-89.13062,-62.89133,0.74592334
1973,-95.991104,-58.808357,0.74456733
1974,-102.85158,-54.7254,0.7431653
1975,-109.712234,-50.642548,0.74171984
1976,-116.572914,-46.559628,0.7402134
1977,-123.43388,-42.47676,0.7386924
1978,-130.29597,-38.39413,0.73709804
1979,-137.15878,-34.31149,0.73546237
1980,-144.02231,-30.22874,0.73377687
1981,-150.88713,-26.145897,0.7320415
1982,-157.75377,-22.062996,0.7302559
1983,-164.62239,-17.979849,0.7284386
1984,-171.49303,-13.89635,0.72655004
1985,-178.3668,-9.812507,0.7246543
1986,-185.2435,-5.7280407,0.7226876
1987,-192.12477,-1.6429361,0.7206964
1988,-6.9038215,-119.877106,0.76025003
1989,-13.766716,-115.7929,0.75934166
1990,-20.629368,-111.70894,0.75840217
1991,-27.49175,-107.62514,0.75744087
1992,-34.353897,-103.54139,0.75643003
1993,-41.215828,-99.45775,0.7553774
1994,-48.077534,-95.37422,0.7542789
1995,-54.93905,-91.29071,0.7531372
1996,-61.800358,-87.207275,0.75196165
1997,-68.66151,-83.123886,0.75073844
1998,-75.52251,-79.040565,0.7494736
1999,-82.383385,-74.957275,0.748154
2000,-89.24416,-70.87408,0.7467973
2001,-96.10492,-66.79087,0.74539524
2002,-102.965744,-62.70784,0.7439377
2003,-109.82658,-58.624767,0.7424171
2004,-116.687454,-54.541676,0.74087054
2005,-123.54908,-50.458836,0.73930633
2006,-130.41158,-46.37617,0.7376719
2007,-137.27452,-42.293434,0.7359628
2008,-144.13832,-38.21068,0.73424685
2009,-151.00343,-34.12792,0.7324394
2010,-157.87042,-30.045137,0.7306434
2011,-164.7391,-25.962172,0.7287508
2012,-171.60995,-21.87892,0.7268305
2013,-178.48372,-17.795393,0.7248799
2014,-185.36041,-13.711445,0.72285867
2015,-192.24153,-9.626903,0.72081155
2016,-7.0144615,-127.864555,0.76187396
2017,-13.877671,-123.77998,0.76092637
2018,-20.740593,-119.69545,0.75996447
2019,-27.603237,-115.61112,0.75893223
2020,-34.465614,-111.52696,0.7578455
2021,-41.327793,-107.442955,0.7567309
2022,-48.189762,-103.35908,0.7555855
2023,-55.051517,-99.27531,0.75438476
2024,-61.91307,-95.19158,0.75314766
2025,-68.77448,-91.10794,0.75187373
2026,-75.63572,-87.02436,0.7505423
2027,-82.49688,-82.940865,0.7491853
2028,-89.35798,-78.85748,0.7477771
2029,-96.21906,-74.77413,0.7463095
2030,-103.08006,-70.690834,0.7447944
2031,-109.94111,-66.60751,0.7432586
2032,-116.80264,-62.524483,0.7416786
2033,-123.66486,-58.441677,0.740048
2034,-130.52753,-54.358868,0.73835546
2035,-137.39073,-50.276066,0.7365955
2036,-144.25487,-46.1933,0.734808
2037,-151.12044,-42.110607,0.73299134
2038,-157.98769,-38.027927,0.7311001
2039,-164.85655,-33.945095,0.7291745
2040,-171.72769,-29.862148,0.7272232
2041,-178.60153,-25.778927,0.72519666
2042,-185.47836,-21.695372,0.7231433
2043,-192.35947,-17.611412,0.72104084
2044,-7.125209,-135.85388,0.7638155
2045,-13.988703,-131.76807,0.76273423
2046,-20.85191,-127.68291,0.761599
2047,-27.714859,-123.59818,0.7604831
2048,-34.57757,-119.51369,0.75937307
2049,-41.44001,-115.429276,0.758219
2050,-48.30224,-111.34494,0.75701964
2051,-55.164246,-107.260796,0.7557696
2052,-62.026077,-103.17675,0.7544714
2053,-68.887764,-99.09286,0.7531356
2054,-75.7493,-95.00903,0.75175
2055,-82.61073,-90.925285,0.75032246
2056,-89.47206,-86.84159,0.748842
2057,-96.33333,-82.75796,0.74733466
2058,-103.19464,-78.67445,0.7457865
2059,-110.05633,-74.59123,0.74420553
2060,-116.9185,-70.50825,0.74257183
2061,-123.78096,-66.42528,0.7408538
2062,-130.64388,-62.342346,0.7391114
2063,-137.50746,-58.25948,0.73732215
2064,-144.37212,-54.176746,0.73550504
2065,-151.23814,-50.094124,0.7336368
2066,-158.1057,-46.01153,0.731689
2067,-164.9748,-41.92885,0.72971207
2068,-171.84633,-37.846107,0.72770816
2069,-178.72028,-33.76318,0.725627
2070,-185.59744,-29.680033,0.72352177
2071,-192.47859,-25.596558,0.7213639
2072,-7.236109,-143.84557,0.7657371
2073,-14.100031,-139.75893,0.7646517
2074,-20.963568,-135.67265,0.76353693
2075,-27.826748,-131.58679,0.7623587
2076,-34.689667,-127.50138,0.7611123
2077,-41.55236,-123.41639,0.75982404
2078,-48.414852,-119.331665,0.75852937
2079,-55.27715,-115.247154,0.7572069
2080,-62.13926,-111.162796,0.7558572
2081,-69.001205,-107.07853,0.754465
2082,-75.86301,-102.99438,0.75303996
2083,-82.72472,-98.91034,0.75157374
2084,-89.58638,-94.826485,0.75006956
2085,-96.44814,-90.7428,0.74853015
2086,-103.31011,-86.659386,0.74692744
2087,-110.17234,-82.576065,0.74526817
2088,-117.03477,-78.49287,0.7435664
2089,-123.8975,-74.40972,0.74179935
2090,-130.76082,-70.32668,0.7400283
2091,-137.6249,-66.24381,0.7381889
2092,-144.49002,-62.161114,0.7362997
2093,-151.35655,-58.078575,0.73437524
2094,-158.22438,-53.996006,0.73239213
2095,-165.09395,-49.913445,0.73036724
2096,-171.96587,-45.830948,0.7282859
2097,-178.84004,-41.74828,0.72617346
2098,-185.71767,-37.665565,0.7240163
2099,-192.59898,-33.58256,0.7218031
2100,-7.347128,-151.83925,0.76786774
2101,-14.211491,-147.75154,0.76666665
2102,-21.075466,-143.66447,0.7654578
2103,-27.939064,-139.57788,0.7642249
2104,-34.80235,-135.49174,0.7629725
2105,-41.665337,-131.40591,0.7616723
2106,-48.528072,-127.32044,0.7603318
2107,-55.390617,-123.235245,0.7589516
2108,-62.253,-119.15036,0.7575279
2109,-69.11525,-115.06568,0.7560636
2110,-75.97742,-110.98125,0.7545682
2111,-82.839554,-106.89706,0.75302786
2112,-89.70168,-102.81302,0.7514375
2113,-96.563896,-98.72918,0.7498141
2114,-103.42621,-94.64547,0.748143
2115,-110.28867,-90.5619,0.74641675
2116,-117.151436,-86.478455,0.74466676
2117,-124.0146,-82.39517,0.7428711
2118,-130.87839,-78.312096,0.7410287
2119,-137.74306,-74.22923,0.73915833
2120,-144.60878,-70.14656,0.7372133
2121,-151.4757,-66.06401,0.7352057
2122,-158.34389,-61.98149,0.7331954
2123,-165.2141,-57.899155,0.7311397
2124,-172.0863,-53.816788,0.7289792
2125,-178.96095,-49.73443,0.7268192
2126,-185.83911,-45.65208,0.7246071
2127,-192.72064,-41.569534,0.72236055
2128,-7.458315,-159.83604,0.7702245
2129,-14.32319,-155.74673,0.7689294
2130,-21.187574,-151.65836,0.7676027
2131,-28.051588,-147.57074,0.76627517
2132,-34.915253,-143.48376,0.764913
2133,-41.778652,-139.39725,0.7635324
2134,-48.64177,-135.31114,0.762118
2135,-55.504707,-131.22537,0.76068693
2136,-62.367443,-127.139946,0.7592041
2137,-69.23006,-123.054825,0.75767756
2138,-76.092575,-118.96992,0.7561271
2139,-82.95505,-114.885315,0.75452054
2140,-89.8175,-110.800865,0.7528684
2141,-96.680046,-106.716675,0.75119215
2142,-103.5427,-102.63266,0.7494709
2143,-110.40557,-98.54883,0.7477045
2144,-117.268776,-94.465225,0.7459032
2145,-124.13248,-90.38187,0.7440554
2146,-130.99684,-86.29877,0.7421594
2147,-137.86214,-82.2159,0.74023116
2148,-144.72833,-78.133224,0.73821914
2149,-151.59561,-74.05064,0.7361806
2150,-158.46445,-69.96823,0.73410445
2151,-165.33524,-65.886024,0.73200697
2152,-172.20781,-61.803818,0.72981614
2153,-179.08318,-57.721767,0.72758675
2154,-185.9618,-53.639763,0.7253162
2155,-192.84377,-49.557655,0.7230181
2156,-7.569702,-167.83632,0.7726498
2157,-14.435163,-163.74548,0.77132964
2158,-21.300058,-159.65553,0.76995915
2159,-28.164509,-155.56644,0.7685311
2160,-35.028584,-151.47821,0.7670819
2161,-41.892345,-147.39067,0.76560694
2162,-48.755856,-143.30367,0.7641133
2163,-55.619133,-139.21718,0.7625879
2164,-62.48225,-135.1311,0.7610382
2165,-69.34522,-131.04538,0.75944006
2166,-76.208115,-126.96002,0.7578231
2167,-83.07097,-122.87491,0.75616467
2168,-89.93383,-118.79013,0.75447416
2169,-96.79676,-114.70556,0.7527299
2170,-103.65986,-110.621284,0.7509524
2171,-110.523224,-106.5373,0.74911946
2172,-117.386986,-102.453575,0.7472828
2173,-124.25129,-98.3701,0.7453779
2174,-131.11629,-94.286964,0.74341655
2175,-137.98207,-90.20399,0.7414159
2176,-144.84866,-86.1212,0.7393506
2177,-151.71661,-82.03863,0.7372928
2178,-158.58614,-77.95638,0.735153
2179,-165.45732,-73.87421,0.7329742
2180,-172.3306,-69.79219,0.73076326
2181,-179.20677,-65.71048,0.7284754
2182,-186.08586,-61.62883,0.7261696
2183,-192.96844,-57.547165,0.72380036
2184,-7.6812553,-175.84036,0.775357
2185,-14.547361,-171.74748,0.7738693
2186,-21.41288,-167.65602,0.7723698
2187,-28.277903,-163.56561,0.77090013
2188,-35.14247,-159.47603,0.76941127
2189,-42.00668,-155.38718,0.76788235
2190,-48.870575,-151.29907,0.7663084
2191,-55.734257,-147.21158,0.7647079
2192,-62.59775,-143.12466,0.7630758
2193,-69.461105,-139.03822,0.7614101
2194,-76.32439,-134.95222,0.7597086
2195,-83.18767,-130.8666,0.75799036
2196,-90.05096,-126.78136,0.75622195
2197,-96.91439,-122.696434,0.75442314
2198,-103.77801,-118.61187,0.7525927
2199,-110.64192,-114.52763,0.7507062
2200,-117.50627,-110.443726,0.7487786
2201,-124.37115,-106.36013,0.74681765
2202,-131.23659,-102.276726,0.7447841
2203,-138.1028,-98.19357,0.74271595
2204,-144.97012,-94.110756,0.74065346
2205,-151.8388,-90.028336,0.7385069
2206,-158.70886,-85.94602,0.73629874
2207,-165.58063,-81.86396,0.734081
2208,-172.45486,-77.78226,0.7318175
2209,-179.33176,-73.70081,0.729507
2210,-186.2114,-69.61942,0.7271099
2211,-193.09485,-65.53825,0.72473145
2212,-7.7930317,-183.84892,0.7781598
2213,-14.659912,-179.75404,0.77661437
2214,-21.526112,-175.66048,0.7750913
2215,-28.3917,-171.56816,0.77349997
2216,-35.25683,-167.477,0.77185917
2217,-42.121586,-163.38695,0.77023697
2218,-48.98602,-159.29773,0.7685957
2219,-55.850178,-155.20918,0.7669431
2220,-62.71411,-151.12129,0.76524097
2221,-69.57793,-147.03395,0.76351845
2222,-76.44166,-142.94719,0.7617558
2223,-83.30538,-138.86093,0.75995326
2224,-90.16916,-134.7751,0.75812054
2225,-97.03309,-130.68973,0.7562451
2226,-103.89722,-126.60475,0.7543352
2227,-110.76168,-122.52011,0.7523782
2228,-117.62647,-118.435844,0.75037986
2229,-124.491776,-114.351875,0.74834496
2230,-131.35786,-110.2683,0.7463171
2231,-138.22484,-106.185135,0.7441977
2232,-145.09288,-102.10233,0.74203515
2233,-151.96208,-98.019745,0.7398181
2234,-158.8328,-93.93746,0.7375949
2235,-165.70558,-89.85566,0.73532933
2236,-172.58067,-85.77416,0.73299354
2237,-179.45813,-81.692894,0.7306088
2238,-186.33873,-77.61189,0.72820586
2239,-193.22307,-73.53121,0.72575194
2240,-7.905063,-191.86325,0.7813249
2241,-14.772782,-187.7653,0.7796473
2242,-21.639742,-183.66942,0.7779136
2243,-28.506048,-179.5752,0.77621406
2244,-35.37183,-175.4823,0.7745535
2245,-42.23715,-171.39046,0.7728617
2246,-49.102085,-167.29965,0.7711297
2247,-55.966732,-163.2098,0.7693557
2248,-62.831177,-159.12074,0.7675525
2249,-69.6955,-155.03249,0.7657375
2250,-76.55974,-150.94489,0.7638939
2251,-83.42396,-146.85782,0.7620276
2252,-90.28822,-142.77132,0.76011425
2253,-97.15266,-138.68533,0.7581845
2254,-104.0173,-134.59982,0.7562275
2255,-110.88228,-130.51476,0.75422245
2256,-117.747696,-126.43012,0.7521774
2257,-124.61374,-122.34598,0.7500817
2258,-131.48053,-118.26225,0.74795187
2259,-138.34814,-114.1789,0.745766
2260,-145.21678,-110.09587,0.7435673
2261,-152.08672,-106.01324,0.74132
2262,-158.95848,-101.93116,0.7390442
2263,-165.83218,-97.849495,0.73669916
2264,-172.7079,-93.76812,0.7343054
2265,-179.58632,-89.687096,0.73189664
2266,-186.46794,-85.60651,0.7294178
2267,-193.35344,-81.52632,0.7269167
2268,-8.017366,-199.88383,0.7845919
2269,-14.886083,-195.78305,0.7828042
2270,-21.753927,-191.68431,0.78106284
2271,-28.620993,-187.58733,0.77928555
2272,-35.48744,-183.49199,0.77744967
2273,-42.353405,-179.39832,0.77559084
2274,-49.218998,-175.30591,0.77375644
2275,-56.08426,-171.21463,0.77192104
2276,-62.949284,-167.12427,0.7700785
2277,-69.81413,-163.03477,0.7681983
2278,-76.678894,-158.94603,0.76628995
2279,-83.54365,-154.85806,0.76434463
2280,-90.40847,-150.77072,0.7623521
2281,-97.273476,-146.68402,0.7603434
2282,-104.138725,-142.59793,0.75830543
2283,-111.004326,-138.51236,0.75621367
2284,-117.87041,-134.42734,0.7540759
2285,-124.73705,-130.34276,0.7519192
2286,-131.6044,-126.25861,0.7497299
2287,-138.47272,-122.17502,0.7475099
2288,-145.34224,-118.09196,0.7452732
2289,-152.21327,-114.00944,0.7429743
2290,-159.08588,-109.92739,0.7405911
2291,-165.96031,-105.84571,0.73818874
2292,-172.837,-101.76448,0.7357724
2293,-179.71652,-97.683754,0.7332871
2294,-186.59933,-93.60361,0.73077714
2295,-193.4864,-89.5241,0.72824365
2296,-8.13,-207.91216,0.7882322
2297,-14.999842,-203.80743,0.7862991
2298,-21.868647,-199.7054,0.7843436
2299,-28.736643,-195.60568,0.7824329
2300,-35.603928,-191.50795,0.7805351
2301,-42.470615,-187.4118,0.7786514
2302,-49.33684,-183.31714,0.7767382
2303,-56.202694,-179.22383,0.77477336
2304,-63.068283,-175.13179,0.77277607
2305,-69.933754,-171.04088,0.77078176
2306,-76.79911,-166.95099,0.76877177
2307,-83.664474,-162.8619,0.76673853
2308,-90.5299,-158.7736,0.7646872
2309,-97.39551,-154.68607,0.76260346
2310,-104.26136,-150.59918,0.7604857
2311,-111.12762,-146.51297,0.75834453
2312,-117.99434,-142.42738,0.7561806
2313,-124.86173,-138.34244,0.7539604
2314,-131.72998,-134.25807,0.75171506
2315,-138.59929,-130.17435,0.7494384
2316,-145.4697,-126.091156,0.7470842
2317,-152.34154,-122.00846,0.744728
2318,-159.21495,-117.92627,0.742317
2319,-166.09041,-113.8447,0.7398477
2320,-172.96829,-109.763725,0.7373729
2321,-179.84904,-105.68334,0.73485404
2322,-186.73343,-101.60373,0.7323139
2323,-193.62248,-97.52505,0.729715
2324,-8.243072,-215.95074,0.7923961
2325,-15.114146,-211.84073,0.79013854
2326,-21.984081,-207.73444,0.7880048
2327,-28.853056,-203.63106,0.7859423
2328,-35.721222,-199.53014,0.78388405
2329,-42.588776,-195.43132,0.78184193
2330,-49.45579,-191.3344,0.7797926
2331,-56.322422,-187.23903,0.7777566
2332,-63.18873,-183.14511,0.77571213
2333,-70.05483,-179.05243,0.7736468
2334,-76.92083,-174.96092,0.77157015
2335,-83.78681,-170.87044,0.7694505
2336,-90.652885,-166.78094,0.76731086
2337,-97.51917,-162.6924,0.765151
2338,-104.38574,-158.60466,0.7629585
2339,-111.25276,-154.51772,0.76073056
2340,-118.120285,-150.43152,0.75847447
2341,-124.98852,-146.34605,0.75617576
2342,-131.85756,-142.26125,0.75383586
2343,-138.72762,-138.17708,0.7514606
2344,-145.59886,-134.09357,0.7490725
2345,-152.47162,-130.01071,0.7466281
2346,-159.34619,-125.92853,0.7441831
2347,-166.22285,-121.84709,0.7416701
2348,-173.102,-117.76631,0.73912203
2349,-179.98442,-113.68644,0.736598
2350,-186.87083,-109.60759,0.7339688
2351,-193.76094,-105.52922,0.731251
2352,1.6091218,-4.2235737,0.7486331
2353,1.3895872,-20.183372,0.7489954
2354,1.169926,-36.144527,0.7497395
2355,0.9501375,-52.107327,0.7508232
2356,0.73023045,-68.071465,0.75237286
2357,0.5101814,-84.03704,0.7542936
2358,0.2900051,-100.004295,0.75657517
2359,0.069635056,-115.97452,0.75948125
2360,-0.15091841,-131.9495,0.76285434
2361,-0.37175664,-147.93277,0.7668169
2362,-0.5928884,-163.92639,0.7714738
2363,-0.81440127,-179.93466,0.77675956
2364,-1.0363804,-195.96309,0.78293926
2365,-1.2589523,-212.02002,0.7902545
2366,8.688405,7.654955,0.74856716
2367,22.626728,15.453174,0.74837136
2368,36.564114,23.251545,0.7479748
2369,50.50039,31.049936,0.7473739
2370,64.435776,38.848522,0.7465789
2371,78.369965,46.647114,0.7456012
2372,92.3032,54.445858,0.7444294
2373,106.237495,62.24591,0.7431061
2374,120.17376,70.04781,0.74162096
2375,134.11504,77.853355,0.73996335
2376,148.06398,85.66402,0.73818743
2377,162.024,93.48173,0.73629427
2378,176.00107,101.30989,0.7343303
2379,190.0036,109.15338,0.7324115
2380,-5.141029,7.8360543,0.7485811
2381,-18.860058,15.996386,0.7484168
2382,-32.57833,24.156765,0.7480812
2383,-46.295624,32.317093,0.747524
2384,-60.012283,40.477547,0.7468069
2385,-73.7281,48.63808,0.7458946
2386,-87.44337,56.798805,0.74480325
2387,-101.16027,64.961136,0.7435718
2388,-114.87977,73.12564,0.74219304
2389,-128.6049,81.29412,0.74064976
2390,-142.33858,89.46838,0.73900217
2391,-156.08426,97.65049,0.7372546
2392,-169.8481,105.8441,0.73545223
2393,-183.63896,114.05454,0.7337176
